"id","Keyword","Name","Full_Address","Street_Address","City","Zip","Municipality","State","Country","Timezone","Pricing","Description","Summary","Phone_1","Phone_Standard_format","Phone_From_WEBSITE","Email_From_WEBSITE","Website","Domain","First_category","Second_category","Claimed_google_my_business","Reviews_count","Average_rating","Price","Business_Status","Hours","Saturday","Sunday","Monday","Tuesday","Wednesday","Thursday","Friday","Latitude","Longitude","Coordinates","Plus_Code","Place_ID","Menu_Link","GMB_URL","CID","Google_Knowledge_URL","Kgmid","Reserve_a_table","Image_URL","Favicon","Review_URL","Facebook_URL","Linkedin_URL","Twitter_URL","Instagram_URL","Meta_Description","Meta_Keywords","Uuid","Accessibility","Amenities","Service_options","Payments","Offerings","Crowd","Planning","Yelp_URL","From_the_business","Youtube_URL"
"1","restaurant in newyork","Boucherie Union Square","225 Park Ave S  New York  NY 10003  United States","225 Park Ave S","New York","10003","United States","New York","US","America/New_York","$50–100","Bistro for dry-aged steaks and other French fare, with a bar that's strong on absinthe.","Bistro focused on steaks and cocktails","+12123530200","(212) 353-0200",,,"https://www.boucherieus.com/","boucherieus.com","French restaurant","Steak house","Yes","4023","4.7","Bistro focused on steaks and cocktails","open","Saturday, 10 AM-12 AM; Sunday, 10 AM-12 AM; Monday, 11 AM-12 AM; Tuesday, 11 AM-12 AM; Wednesday, 11 AM-12 AM; Thursday, 11 AM-12 AM; Friday, 11 AM-12 AM; ","10 AM-12 AM","10 AM-12 AM","11 AM-12 AM","11 AM-12 AM","11 AM-12 AM","11 AM-12 AM","11 AM-12 AM","Lat 40.7372552","Lng -73.9882246","40.7372552,-73.9882246","87G8P2P6+WP2","ChIJc1Vf7KFZwokR1YL2Rn9oxi8","https://www.opentable.com/restaurant/profile/1004143?ref=1068","https://www.google.com/maps/place/?q=place_id:ChIJc1Vf7KFZwokR1YL2Rn9oxi8","3442553861032018645","https://www.google.com/search?kgmid=/g/11hbv5rh0_","/g/11hbv5rh0_","https://www.google.com/maps/reserve/v/dine/c/4rmpVcuKUVY?source=pa&opi=79508299&hl=en-BD&gei=MLRyaPymG_mUg8UPi4qT8QQ","https://lh5.googleusercontent.com/p/AF1QipNUE-qBPOZPaVIJLvDdWshOnX22UE6RWXQN_bVu","https://t1.gstatic.com/faviconV2?client=SOCIAL&type=FAVICON&fallback_opts=TYPE,SIZE,URL&url=https://www.boucherieus.com/&size=48","https://search.google.com/local/reviews?placeid=ChIJc1Vf7KFZwokR1YL2Rn9oxi8&q=restaurant+in+new+york&authuser=0&hl=en&gl=BD"," "," "," ","https://www.instagram.com/boucherie_us/","Boucherie I French Restaurants in US. Traditional FRENCH brasserie and steakhouses celebrating Joie de Vivre. The restaurant offers a menu of French classics, timeless bistro favorites, and a selection of prime meats and Dry-Aged Steaks.","Boucherie, French Restaurant, Brasserie, French Cuisine, Food, Steakhouse, Seafood, Breakfast, Brunch, Lunch, Dinner, Green Hour, Dessert, Wine, Bar, New York, NYC, Miami, Washington D.C., Chicago, IL. Steak, Wagyu, Burger, Tomahawk Ribeye, Beef, Dry-Aged Steaks, Madeleines, Crème Brûlée, Paris-Brest, Tarte, Cocktails, Non-Alcoholic Cocktails, Events, Reservation, Restaurants Near Me, Order Delivery, Romantic, Date Night, Dining Experience, Family Restaurant, Places Near, Me Dine-in, Patio.","0ahUKEwj8_uDvg7iOAxV5yqACHQvFJE4Q8BcIfSgN","Wheelchair-accessible entrance | Wheelchair-accessible seating | Wheelchair-accessible toilet | Wheelchair-accessible car park","Bar on site | Toilet | Wi-Fi | Wi-Fi","Outdoor seating | Kerbside pickup | No-contact delivery | Delivery | Takeaway | Dine-in","Credit cards | Debit cards | NFC mobile payments | Credit cards","Alcohol | Beer | Cocktails | Coffee | Comfort food | Happy-hour drinks | Late-night food | Small plates | Spirits | Wine","Groups | LGBTQ+ friendly | Tourists | Transgender safe space","Brunch reservations recommended | Lunch reservations recommended | Dinner reservations recommended | Accepts reservations",,,
"2","restaurant in newyork","Gramercy Tavern","42 E 20th St  New York  NY 10003  United States","42 E 20th St","New York","10003","United States","New York","US","America/New_York","$100+","Renowned Flatiron District tavern featuring a menu of modern, seasonal American dishes.","Michelin-starred seasonal contemporary American restaurant","+12124770777","(212) 477-0777",,,"http://www.gramercytavern.com/?utm_source=GoogleBusinessProfile&utm_medium=Website&utm_campaign=MapLabs","gramercytavern.com","Restaurant","American restaurant","Yes","4454","4.6","Michelin-starred seasonal contemporary American restaurant","open","Saturday, 11:30 AM-10:30 PM; Sunday, 11:30 AM-10:30 PM; Monday, 11:30 AM-10:30 PM; Tuesday, 11:30 AM-10:30 PM; Wednesday, 11:30 AM-10:30 PM; Thursday, 11:30 AM-10:30 PM; Friday, 11:30 AM-10:30 PM; ","11:30 AM-10:30 PM","11:30 AM-10:30 PM","11:30 AM-10:30 PM","11:30 AM-10:30 PM","11:30 AM-10:30 PM","11:30 AM-10:30 PM","11:30 AM-10:30 PM","Lat 40.7384555","Lng -73.98850639999999","40.7384555,-73.98850639999999","87G8P2Q6+9HQ","ChIJvSQIgqFZwokRFYQbJdzceSs"," ","https://www.google.com/maps/place/?q=place_id:ChIJvSQIgqFZwokRFYQbJdzceSs","3132777853886366741","https://www.google.com/search?kgmid=/m/020dmrk","/m/020dmrk","https://www.google.com/maps/reserve/v/dine/c/9oGwybvQdm4?source=pa&opi=79508299&hl=en-BD&gei=MLRyaPymG_mUg8UPi4qT8QQ","https://lh5.googleusercontent.com/p/CIHM0ogKEICAgIDE7riZUg","https://t1.gstatic.com/faviconV2?client=SOCIAL&type=FAVICON&fallback_opts=TYPE,SIZE,URL&url=http://www.gramercytavern.com/?utm_source=GoogleBusinessProfile&utm_medium=Website&utm_campaign=MapLabs&size=48","https://search.google.com/local/reviews?placeid=ChIJvSQIgqFZwokRFYQbJdzceSs&q=restaurant+in+new+york&authuser=0&hl=en&gl=BD","https://www.facebook.com/Gramercy-Tavern-113135062061277/timeline/"," ","https://twitter.com/GramercyTavern","http://instagram.com/gramercytavern","Danny Meyer's Flatiron District tavern offers tasting menus for lunch and dinner in the dining room. The bustling bar serves seasonal American cuisine and warm hospitality.","Michael Anthony,Danny Meyer,Union Square Hospitality Group, restaurants in gramercy,new york restaurants,Private room, Private dining,private dining room,private dining nyc,restaurants in new york,happy hour gramercy, highest rated restaurants in nyc,restaurants in ny ny,best restaurants new york city,restaurants near gramercy park,good new york restaurants,danny meyer's restaurants nyc,fanciest restaurants in nyc,best lunch spots nyc,lunch nyc,grammercy,new york best restaurants, best nyc lunch","0ahUKEwj8_uDvg7iOAxV5yqACHQvFJE4Q8BcI4AEoDg","Wheelchair-accessible entrance | Wheelchair-accessible seating | Wheelchair-accessible toilet | Wheelchair-accessible car park","Bar on site | Toilet","Outdoor seating | On-site services | Dine-in | Delivery | Takeaway","Credit cards | Debit cards | NFC mobile payments","Alcohol | Beer | Cocktails | Coffee | Comfort food | Healthy options | Late-night food | Organic dishes | Private dining room | Small plates | Spirits | Vegetarian options | Wine","Groups | Tourists","Brunch reservations recommended | Lunch reservations recommended | Reservations required | Dinner reservations recommended | Accepts reservations | Usually a wait",,,
"3","restaurant in newyork","Manhatta","28 Liberty St 60th floor  New York  NY 10005  United States","28 Liberty St 60th floor","New York","10005","United States","New York","US","America/New_York","$100+","Set on the 60th floor, this ritzy, high-end restaurant features New American cuisine and city views.","High-end New American meals on 60th floor","+12122305788","(212) 230-5788",,,"https://www.manhattarestaurant.com/?utm_source=GoogleBusinessProfile&utm_medium=Website&utm_campaign=MapLabs","manhattarestaurant.com","Restaurant","Bar","Yes","2963","4.7","High-end New American meals on 60th floor","open","Saturday, 11:30 AM-10:30 PM; Sunday, 11:30 AM-9:30 PM; Monday, 11:30 AM-9:30 PM; Tuesday, 11:30 AM-9:30 PM; Wednesday, 11:30 AM-9:30 PM; Thursday, 11:30 AM-9:30 PM; Friday, 11:30 AM-10:30 PM; ","11:30 AM-10:30 PM","11:30 AM-9:30 PM","11:30 AM-9:30 PM","11:30 AM-9:30 PM","11:30 AM-9:30 PM","11:30 AM-9:30 PM","11:30 AM-10:30 PM","Lat 40.707997399999996","Lng -74.00888259999999","40.707997399999996,-74.00888259999999","87G7PX5R+5CX","ChIJoTXWl8dbwokRpKA2BJFVsGA"," ","https://www.google.com/maps/place/?q=place_id:ChIJoTXWl8dbwokRpKA2BJFVsGA","6967162704871465124","https://www.google.com/search?kgmid=/g/11gh9qhb9q","/g/11gh9qhb9q","https://www.google.com/maps/reserve/v/dine/c/pyjjUZqJ9lQ?source=pa&opi=79508299&hl=en-BD&gei=MLRyaPymG_mUg8UPi4qT8QQ","https://lh5.googleusercontent.com/p/AF1QipOP3A_aa72sd5Idu57fOskuTDfXAJZgO8QTpDiX","https://t1.gstatic.com/faviconV2?client=SOCIAL&type=FAVICON&fallback_opts=TYPE,SIZE,URL&url=https://www.manhattarestaurant.com/?utm_source=GoogleBusinessProfile&utm_medium=Website&utm_campaign=MapLabs&size=48","https://search.google.com/local/reviews?placeid=ChIJoTXWl8dbwokRpKA2BJFVsGA&q=restaurant+in+new+york&authuser=0&hl=en&gl=BD","https://www.facebook.com/ManhattaRestaurant/"," ","https://twitter.com/manhatta_nyc","https://www.instagram.com/manhatta_nyc/","Perched sixty stories above Lower Manhattan, Manhatta is a restaurant from Danny Meyer’s Union Square Hospitality Group, combining sky-high views with the down-to-earth spirit of a neighborhood spot. Perfect for private events of any size.","Danny Meyer, Union Square Hospitality Group, Jason Pfeifer, 28 Liberty, New York Restaurant with View, Financial District Restaurant, Fi Di Restaurant, Special Occasion Restaurant New York, Manhatta Restaurant, Where to Eat Downtown, New York Restaurant, American Food, Cocktails, Wine, New York, NY, Private Events, Private Dining, Private Room, Restaurant Buy-Out, Large Groups, Birthday Parties, Weddings","0ahUKEwj8_uDvg7iOAxV5yqACHQvFJE4Q8BcItgIoDw","Wheelchair-accessible entrance | Wheelchair-accessible seating | Wheelchair-accessible toilet | Assistive hearing loop | Wheelchair-accessible car park","Bar on site | Toilet","Dine-in | Delivery | Takeaway","Credit cards | Debit cards | Credit cards","Alcohol | Beer | Cocktails | Coffee | Late-night food | Private dining room | Spirits | Vegetarian options | Wine","Family friendly | Groups | LGBTQ+ friendly | Tourists | Transgender safe space","Lunch reservations recommended | Dinner reservations recommended | Accepts reservations | Usually a wait",,,
"4","restaurant in newyork","LOS TACOS No.1","229 W 43rd St  New York  NY 10036  United States","229 W 43rd St","New York","10036","United States","New York","US","America/New_York","$10–20","Small pit stop with standing tables serving authentic Mexican street food.","Simple eatery for Mexican classics"," ",,,,"http://www.lostacos1.com/","lostacos1.com","Taco restaurant","Mexican restaurant","Yes","13347","4.8","Simple eatery for Mexican classics","open","Saturday, 11 AM-11 PM; Sunday, 11 AM-9 PM; Monday, 11 AM-11 PM; Tuesday, 11 AM-11 PM; Wednesday, 11 AM-11 PM; Thursday, 11 AM-11 PM; Friday, 11 AM-11 PM; ","11 AM-11 PM","11 AM-9 PM","11 AM-11 PM","11 AM-11 PM","11 AM-11 PM","11 AM-11 PM","11 AM-11 PM","Lat 40.757321399999995","Lng -73.98765399999999","40.757321399999995,-73.98765399999999","87G8Q246+WWH","ChIJ6WooklRYwokR3qd-J59t-k0"," ","https://www.google.com/maps/place/?q=place_id:ChIJ6WooklRYwokR3qd-J59t-k0","5618924015427954654","https://www.google.com/search?kgmid=/g/11d_8d0x2x","/g/11d_8d0x2x"," ","https://lh5.googleusercontent.com/p/CIHM0ogKEICAgIDM1eDjnwE","https://t1.gstatic.com/faviconV2?client=SOCIAL&type=FAVICON&fallback_opts=TYPE,SIZE,URL&url=http://www.lostacos1.com/&size=48","https://search.google.com/local/reviews?placeid=ChIJ6WooklRYwokR3qd-J59t-k0&q=restaurant+in+new+york&authuser=0&hl=en&gl=BD","https://www.facebook.com/lostacosno1"," ","https://twitter.com/LosTacosNo1","https://www.instagram.com/lostacos1/","Savor the flavors of Mexico at LOS TACOS No. 1, where every taco is crafted from fresh ingredients and cherished family recipes for an authentic experience.","los tacos no. 1, los tacos, best tacos, new york, mexican food, new york city","0ahUKEwj8_uDvg7iOAxV5yqACHQvFJE4Q8BcIjgMoEA","Wheelchair-accessible entrance | Wheelchair-accessible car park | Wheelchair-accessible seating","Toilet","On-site services | Takeaway | Dine-in","Credit cards | Debit cards | NFC mobile payments | Credit cards","Comfort food | Late-night food | Quick bite | Small plates","Family friendly | Groups | Tourists | University students","Usually a wait | Accepts reservations","https://www.yelp.com/biz/los-tacos-no-1-new-york?sort_by=date_desc","Identifies as Latino-owned",
"5","restaurant in newyork","Piccola Cucina Osteria Siciliana","196 Spring St  New York  NY 10012  United States","196 Spring St","New York","10012","United States","New York","US","America/New_York","$30–50","Simple Italian outpost serving salads & homestyle pastas along with an extensive wine list.","Neighborhood trattoria for pasta & wine","+16464787488","(646) 478-7488",,,"http://www.piccolacucinagroup.com/","piccolacucinagroup.com","Italian restaurant","Sicilian restaurant","Yes","2265","4.6","Neighborhood trattoria for pasta & wine","open","Saturday, 11:30 AM-11 PM; Sunday, 11:30 AM-11 PM; Monday, 11:30 AM-11 PM; Tuesday, 11:30 AM-11 PM; Wednesday, 11:30 AM-11 PM; Thursday, 11:30 AM-11 PM; Friday, 11:30 AM-11 PM; ","11:30 AM-11 PM","11:30 AM-11 PM","11:30 AM-11 PM","11:30 AM-11 PM","11:30 AM-11 PM","11:30 AM-11 PM","11:30 AM-11 PM","Lat 40.7250308","Lng -74.0032774","40.7250308,-74.0032774","87G7PXGW+2M9","ChIJowhlWYxZwokRgrvA8f_x8Es","https://www.opentable.com/restaurant/profile/105838?ref=1068","https://www.google.com/maps/place/?q=place_id:ChIJowhlWYxZwokRgrvA8f_x8Es","5472139628830047106","https://www.google.com/search?kgmid=/g/1hm6fq399","/g/1hm6fq399","https://www.google.com/maps/reserve/v/dine/c/Psao8Sv98GA?source=pa&opi=79508299&hl=en-BD&gei=MLRyaPymG_mUg8UPi4qT8QQ","https://lh5.googleusercontent.com/p/CIHM0ogKEICAgIC8zrqBoAE","https://t1.gstatic.com/faviconV2?client=SOCIAL&type=FAVICON&fallback_opts=TYPE,SIZE,URL&url=http://www.piccolacucinagroup.com/&size=48","https://search.google.com/local/reviews?placeid=ChIJowhlWYxZwokRgrvA8f_x8Es&q=restaurant+in+new+york&authuser=0&hl=en&gl=BD","https://www.facebook.com/piccolacucinany/"," "," ","https://www.instagram.com/piccolacucinany/","Stai cercando i migliori ristoranti di NYC? Piccola Cucina Group ti fornisce le informazioni sui migliori posti dove mangiare.",,"0ahUKEwj8_uDvg7iOAxV5yqACHQvFJE4Q8BcI4QMoEQ","Wheelchair-accessible seating | Wheelchair-accessible car park","Toilet","Outdoor seating | Delivery | Takeaway | Dine-in","Credit cards | Debit cards | NFC mobile payments | Credit cards","Alcohol | Beer | Coffee | Comfort food | Food | Healthy options | Small plates | Wine","Locals | Tourists","Lunch reservations recommended | Dinner reservations recommended | Accepts reservations | Usually a wait",,,
"6","restaurant in newyork","OLIO E PIÙ","3 Greenwich Ave  New York  NY 10014  United States","3 Greenwich Ave","New York","10014","United States","New York","US","America/New_York","$50–100","Naples meets NYC at this trattoria with thin-crust pizza, Italian wines & ample sidewalk seating.","Neapolitan pizza & pasta","+12122436546","(212) 243-6546",,,"https://www.olioepiu.com/","olioepiu.com","Italian restaurant","Restaurant","Yes","8716","4.7","Neapolitan pizza & pasta","open","Saturday, 10 AM-12 AM; Sunday, 10 AM-12 AM; Monday, 11 AM-12 AM; Tuesday, 11 AM-12 AM; Wednesday, 11 AM-12 AM; Thursday, 11 AM-12 AM; Friday, 11 AM-12 AM; ","10 AM-12 AM","10 AM-12 AM","11 AM-12 AM","11 AM-12 AM","11 AM-12 AM","11 AM-12 AM","11 AM-12 AM","Lat 40.7338208","Lng -73.99979309999999","40.7338208,-73.99979309999999","87G8P2M2+G3G","ChIJ_RUJvZZZwokRNUEv3K4nSik","https://www.opentable.com/restaurant/profile/55837?ref=1068","https://www.google.com/maps/place/?q=place_id:ChIJ_RUJvZZZwokRNUEv3K4nSik","2975234135803511093","https://www.google.com/search?kgmid=/g/1tjyvj49","/g/1tjyvj49","https://www.google.com/maps/reserve/v/dine/c/2Ujk-qKjG0Y?source=pa&opi=79508299&hl=en-BD&gei=MLRyaPymG_mUg8UPi4qT8QQ","https://lh5.googleusercontent.com/p/CIHM0ogKEICAgICE9bK3mwE","https://t1.gstatic.com/faviconV2?client=SOCIAL&type=FAVICON&fallback_opts=TYPE,SIZE,URL&url=https://www.olioepiu.com/&size=48","https://search.google.com/local/reviews?placeid=ChIJ_RUJvZZZwokRNUEv3K4nSik&q=restaurant+in+new+york&authuser=0&hl=en&gl=BD"," "," "," ","https://www.instagram.com/olioepiu/","Contemporary Italian trattoria - A true sense of Italian liveliness.","Olio e Piu, Italian Restaurant, Italian Food, Pizza, Pasta, Brunch, Lunch, Dinner, Dessert, Green Hour, Happy Hour, Cocktails, Non-Alcoholic Cocktails, Wine, Beer, Carne E Formaggio, Tiramisu, Panna Cotta, Gelato, Frito Misto, Insalate, Salad, Mortadella, Mozzarella, Carbonara, Events, Reservation, Restaurants Near Me, Order Delivery, Romantic, Date Night, Dining Experience, New York, NYC, Washington D.C, Chicago, Family Restaurant, Places Near Me, Popular, Famous, Night Out, Fancy, Patio.","0ahUKEwj8_uDvg7iOAxV5yqACHQvFJE4Q8BcIwgQoEg","Wheelchair-accessible entrance | Wheelchair-accessible seating | Wheelchair-accessible toilet | Wheelchair-accessible car park","Bar on site | Toilet","Outdoor seating | Kerbside pickup | Delivery | Takeaway | Dine-in","Credit cards | Debit cards | NFC mobile payments | Credit cards","Alcohol | Beer | Cocktails | Coffee | Comfort food | Food | Happy-hour drinks | Late-night food | Organic dishes | Small plates | Spirits | Wine","Groups | Tourists","Brunch reservations recommended | Lunch reservations recommended | Dinner reservations recommended | Accepts reservations | Usually a wait",,,
"7","restaurant in newyork","ROBERT","2 Columbus Cir  New York  NY 10019  United States","2 Columbus Cir","New York","10019","United States","New York","US","America/New_York","$50–100","New American fare & city views in an arty space on the top-floor of the Museum of Arts & Design.","Arty museum eatery with sweeping views","+12122997730","(212) 299-7730","+12122068800","info@arkrestaurants.com | coombeseo@gmail.com","https://robertnyc.com/","robertnyc.com","American restaurant"," ","Yes","1774","4.5","Arty museum eatery with sweeping views","open","Saturday, 11 AM-11 PM; Sunday, 11 AM-11 PM; Monday, 12-10 PM; Tuesday, 12-10 PM; Wednesday, 12-10 PM; Thursday, 12-10 PM; Friday, 12-11 PM; ","11 AM-11 PM","11 AM-11 PM","12-10 PM","12-10 PM","12-10 PM","12-10 PM","12-11 PM","Lat 40.767438","Lng -73.9819871","40.767438,-73.9819871","87G8Q289+X6C","ChIJbxudM_ZYwokRNZbwXK-_GzE","https://www.opentable.com/r/robert-new-york","https://www.google.com/maps/place/?q=place_id:ChIJbxudM_ZYwokRNZbwXK-_GzE","3538632692129109557","https://www.google.com/search?kgmid=/m/0zfz543","/m/0zfz543",,"https://lh5.googleusercontent.com/p/AF1QipMpOlQTTtacrSvyFMHdFp7UTdOd2ogT8deB2VdL","https://t1.gstatic.com/faviconV2?client=SOCIAL&type=FAVICON&fallback_opts=TYPE,SIZE,URL&url=https://robertnyc.com/&size=48","https://search.google.com/local/reviews?placeid=ChIJbxudM_ZYwokRNZbwXK-_GzE&q=restaurant+in+new+york&authuser=0&hl=en&gl=BD","https://www.facebook.com/RobertatMAD"," "," ","https://www.instagram.com/robertrestaurant/","A MODERN CLASSIC         A,B,C,D,1 Trains to Columbus Circle StationN,R,Q,W Trains to 57th StreetM7,M10,M11,M20,M104 to 59th Street/Columbus CircleM12,M31,M57 to 8th Avenue/Broadway  BOOK A PRIVATE EVENT  PURCHASE e-GIFT CERTIFICATES    PHOTOS    MUSIC & EVENTS",,"0ahUKEwj8_uDvg7iOAxV5yqACHQvFJE4Q8BcIoQUoEw","Wheelchair-accessible entrance | Wheelchair-accessible seating | Wheelchair-accessible toilet | Wheelchair-accessible car park","Toilet","Takeaway | Dine-in | Delivery","Credit cards | Debit cards | NFC mobile payments | Credit cards","Alcohol | Beer | Cocktails | Coffee | Food | Healthy options | Late-night food | Small plates | Spirits | Wine","Groups | LGBTQ+ friendly | Tourists","Brunch reservations recommended | Lunch reservations recommended | Reservations required | Dinner reservations recommended | Accepts reservations",,,
"8","restaurant in newyork","Boucherie West Village","99 7th Ave S  New York  NY 10014  United States","99 7th Ave S","New York","10014","United States","New York","US","America/New_York","$50–100","Two-floor bistro serving dry-aged steaks and other French fare, with a bar that's strong on absinthe.","Bistro focused on steaks and cocktails","+12128371616","(212) 837-1616",,,"https://www.boucherieus.com/","boucherieus.com","French restaurant"," ","Yes","6349","4.7","Bistro focused on steaks and cocktails","open","Saturday, 10 AM-12 AM; Sunday, 10 AM-12 AM; Monday, 11 AM-12 AM; Tuesday, 11 AM-12 AM; Wednesday, 11 AM-12 AM; Thursday, 11 AM-12 AM; Friday, 11 AM-12 AM; ","10 AM-12 AM","10 AM-12 AM","11 AM-12 AM","11 AM-12 AM","11 AM-12 AM","11 AM-12 AM","11 AM-12 AM","Lat 40.733047","Lng -74.0028772","40.733047,-74.0028772","87G7PXMW+6R9","ChIJq58thpNZwokRcsvqjnNzYcc","https://www.opentable.com/restaurant/profile/346609?ref=1068","https://www.google.com/maps/place/?q=place_id:ChIJq58thpNZwokRcsvqjnNzYcc","14366891226444778354","https://www.google.com/search?kgmid=/g/11c2lq_l86","/g/11c2lq_l86","https://www.google.com/maps/reserve/v/dine/c/ECNC2O-BTkI?source=pa&opi=79508299&hl=en-BD&gei=MLRyaPymG_mUg8UPi4qT8QQ","https://lh5.googleusercontent.com/p/CIHM0ogKEICAgIDOopi-bw","https://t1.gstatic.com/faviconV2?client=SOCIAL&type=FAVICON&fallback_opts=TYPE,SIZE,URL&url=https://www.boucherieus.com/&size=48","https://search.google.com/local/reviews?placeid=ChIJq58thpNZwokRcsvqjnNzYcc&q=restaurant+in+new+york&authuser=0&hl=en&gl=BD"," "," "," ","https://www.instagram.com/boucherie_us/","Boucherie I French Restaurants in US. Traditional FRENCH brasserie and steakhouses celebrating Joie de Vivre. The restaurant offers a menu of French classics, timeless bistro favorites, and a selection of prime meats and Dry-Aged Steaks.","Boucherie, French Restaurant, Brasserie, French Cuisine, Food, Steakhouse, Seafood, Breakfast, Brunch, Lunch, Dinner, Green Hour, Dessert, Wine, Bar, New York, NYC, Miami, Washington D.C., Chicago, IL. Steak, Wagyu, Burger, Tomahawk Ribeye, Beef, Dry-Aged Steaks, Madeleines, Crème Brûlée, Paris-Brest, Tarte, Cocktails, Non-Alcoholic Cocktails, Events, Reservation, Restaurants Near Me, Order Delivery, Romantic, Date Night, Dining Experience, Family Restaurant, Places Near, Me Dine-in, Patio.","0ahUKEwj8_uDvg7iOAxV5yqACHQvFJE4Q8BcI_QUoFA","Wheelchair-accessible entrance | Wheelchair-accessible seating | Wheelchair-accessible car park","Bar on site | Toilet","Outdoor seating | Delivery | Takeaway | Dine-in","Credit cards | Debit cards | NFC mobile payments","Alcohol | Beer | Cocktails | Coffee | Comfort food | Happy-hour drinks | Late-night food | Private dining room | Small plates | Spirits | Wine","Groups | Tourists","Brunch reservations recommended | Lunch reservations recommended | Dinner reservations recommended | Accepts reservations",,,
"9","restaurant in newyork","La Grande Boucherie","145 W 53rd St  New York  NY 10019  United States","145 W 53rd St","New York","10019","United States","New York","US","America/New_York","$50–100","Polished French restaurant in an expansive art nouveau-style space with an elegant, heated atrium.","Chic French bistro with a heated atrium","+12125107714","(212) 510-7714",,,"https://www.boucherieus.com/","boucherieus.com","French restaurant","Restaurant","Yes","7871","4.6","Chic French bistro with a heated atrium","open","Saturday, 9 AM-12 AM; Sunday, 9 AM-12 AM; Monday, 8 AM-12 AM; Tuesday, 8 AM-12 AM; Wednesday, 8 AM-12 AM; Thursday, 8 AM-12 AM; Friday, 8 AM-12 AM; ","9 AM-12 AM","9 AM-12 AM","8 AM-12 AM","8 AM-12 AM","8 AM-12 AM","8 AM-12 AM","8 AM-12 AM","Lat 40.7626345","Lng -73.9808359","40.7626345,-73.9808359","87G8Q279+3M3","ChIJ58OtM8pZwokRbd6DT6gcVys","https://www.opentable.com/restaurant/profile/1142380?ref=1068","https://www.google.com/maps/place/?q=place_id:ChIJ58OtM8pZwokRbd6DT6gcVys","3122996375818853997","https://www.google.com/search?kgmid=/g/11j30c9wgd","/g/11j30c9wgd","https://www.google.com/maps/reserve/v/dine/c/GpKVO0oMUPE?source=pa&opi=79508299&hl=en-BD&gei=MLRyaPymG_mUg8UPi4qT8QQ","https://lh5.googleusercontent.com/p/CIHM0ogKEICAgIDR4JeqIQ","https://t1.gstatic.com/faviconV2?client=SOCIAL&type=FAVICON&fallback_opts=TYPE,SIZE,URL&url=https://www.boucherieus.com/&size=48","https://search.google.com/local/reviews?placeid=ChIJ58OtM8pZwokRbd6DT6gcVys&q=restaurant+in+new+york&authuser=0&hl=en&gl=BD"," "," "," ","https://www.instagram.com/boucherie_us/","Boucherie I French Restaurants in US. Traditional FRENCH brasserie and steakhouses celebrating Joie de Vivre. The restaurant offers a menu of French classics, timeless bistro favorites, and a selection of prime meats and Dry-Aged Steaks.","Boucherie, French Restaurant, Brasserie, French Cuisine, Food, Steakhouse, Seafood, Breakfast, Brunch, Lunch, Dinner, Green Hour, Dessert, Wine, Bar, New York, NYC, Miami, Washington D.C., Chicago, IL. Steak, Wagyu, Burger, Tomahawk Ribeye, Beef, Dry-Aged Steaks, Madeleines, Crème Brûlée, Paris-Brest, Tarte, Cocktails, Non-Alcoholic Cocktails, Events, Reservation, Restaurants Near Me, Order Delivery, Romantic, Date Night, Dining Experience, Family Restaurant, Places Near, Me Dine-in, Patio.","0ahUKEwj8_uDvg7iOAxV5yqACHQvFJE4Q8BcI3QYoFQ","Wheelchair-accessible entrance | Wheelchair-accessible seating | Wheelchair-accessible toilet","Bar on site | Toilet | Wi-Fi | Wi-Fi","Outdoor seating | No-contact delivery | Delivery | Takeaway | Dine-in","Credit cards | Debit cards | NFC mobile payments","Alcohol | Beer | Cocktails | Coffee | Comfort food | Happy-hour drinks | Healthy options | Late-night food | Small plates | Spirits | Vegan options | Vegetarian options | Wine","Family friendly | Groups | LGBTQ+ friendly | Tourists | Transgender safe space","Brunch reservations recommended | Lunch reservations recommended | Dinner reservations recommended | Accepts reservations | Usually a wait",,,
"10","restaurant in newyork","Petite Boucherie","First Floor  14 Christopher St  New York  NY 10014  United States","First Floor","New York","10014","14 Christopher St","New York","US","America/New_York","$50–100","Parisian-style cafe serving comforting French fare in a snug space with an open kitchen.","Classic French fare & Parisian ambiance","+16467564145","(646) 756-4145",,,"https://www.boucherieus.com/","boucherieus.com","French restaurant"," ","Yes","1855","4.7","Classic French fare & Parisian ambiance","open","Saturday, 10 AM-12 AM; Sunday, 10 AM-12 AM; Monday, 11 AM-12 AM; Tuesday, 11 AM-12 AM; Wednesday, 11 AM-12 AM; Thursday, 11 AM-12 AM; Friday, 11 AM-12 AM; ","10 AM-12 AM","10 AM-12 AM","11 AM-12 AM","11 AM-12 AM","11 AM-12 AM","11 AM-12 AM","11 AM-12 AM","Lat 40.733870599999996","Lng -74.0004319","40.733870599999996,-74.0004319","87G7PXMX+GRW","ChIJye1nGZRZwokRpt8fmbCxNLE","https://www.opentable.com/restaurant/profile/157048?ref=1068","https://www.google.com/maps/place/?q=place_id:ChIJye1nGZRZwokRpt8fmbCxNLE","12769026215543562150","https://www.google.com/search?kgmid=/g/12hnv4jky","/g/12hnv4jky","https://www.google.com/maps/reserve/v/dine/c/E_LrlO_LqlY?source=pa&opi=79508299&hl=en-BD&gei=MLRyaPymG_mUg8UPi4qT8QQ","https://lh5.googleusercontent.com/p/AF1QipO9zp1up2rYreJpE-GCYOSwGAiFxyl_iQO2No91","https://t1.gstatic.com/faviconV2?client=SOCIAL&type=FAVICON&fallback_opts=TYPE,SIZE,URL&url=https://www.boucherieus.com/&size=48","https://search.google.com/local/reviews?placeid=ChIJye1nGZRZwokRpt8fmbCxNLE&q=restaurant+in+new+york&authuser=0&hl=en&gl=BD"," "," "," ","https://www.instagram.com/boucherie_us/","Boucherie I French Restaurants in US. Traditional FRENCH brasserie and steakhouses celebrating Joie de Vivre. The restaurant offers a menu of French classics, timeless bistro favorites, and a selection of prime meats and Dry-Aged Steaks.","Boucherie, French Restaurant, Brasserie, French Cuisine, Food, Steakhouse, Seafood, Breakfast, Brunch, Lunch, Dinner, Green Hour, Dessert, Wine, Bar, New York, NYC, Miami, Washington D.C., Chicago, IL. Steak, Wagyu, Burger, Tomahawk Ribeye, Beef, Dry-Aged Steaks, Madeleines, Crème Brûlée, Paris-Brest, Tarte, Cocktails, Non-Alcoholic Cocktails, Events, Reservation, Restaurants Near Me, Order Delivery, Romantic, Date Night, Dining Experience, Family Restaurant, Places Near, Me Dine-in, Patio.","0ahUKEwj8_uDvg7iOAxV5yqACHQvFJE4Q8BcIuAcoFg","Wheelchair-accessible entrance | Wheelchair-accessible seating | Wheelchair-accessible car park","Bar on site | Toilet","Outdoor seating | Delivery | Takeaway | Dine-in","Credit cards | Debit cards | NFC mobile payments","Alcohol | Beer | Cocktails | Coffee | Comfort food | Happy-hour drinks | Late-night food | Small plates | Spirits | Vegetarian options | Wine","Groups | Tourists","Dinner reservations recommended | Accepts reservations",,,
"11","restaurant in newyork","LOS TACOS No.1","75 9th Ave  New York  NY 10011  United States","75 9th Ave","New York","10011","United States","New York","US","America/New_York","$10–20","Bustling taqueria serving tacos, quesadillas & aguas frescas in a street-style setup (no seating).","Lively spot for stand-&-eat tacos"," ",,,,"https://www.lostacos1.com/","lostacos1.com","Taco restaurant","Restaurant","Yes","4916","4.7","Lively spot for stand-&-eat tacos","open","Saturday, 11 AM-10 PM; Sunday, 11 AM-9 PM; Monday, 11 AM-10 PM; Tuesday, 11 AM-10 PM; Wednesday, 11 AM-10 PM; Thursday, 11 AM-10 PM; Friday, 11 AM-10 PM; ","11 AM-10 PM","11 AM-9 PM","11 AM-10 PM","11 AM-10 PM","11 AM-10 PM","11 AM-10 PM","11 AM-10 PM","Lat 40.742252099999995","Lng -74.0059635","40.742252099999995,-74.0059635","87G7PXRV+WJ3","ChIJPzX8w1pbwokRwL9OFwKxBP4"," ","https://www.google.com/maps/place/?q=place_id:ChIJPzX8w1pbwokRwL9OFwKxBP4","18303949408079626176","https://www.google.com/search?kgmid=/g/12hp8ck5j","/g/12hp8ck5j"," ","https://lh5.googleusercontent.com/p/CIABIhAy6SmtpDMP2cQdJOnW1a1z","https://t1.gstatic.com/faviconV2?client=SOCIAL&type=FAVICON&fallback_opts=TYPE,SIZE,URL&url=https://www.lostacos1.com/&size=48","https://search.google.com/local/reviews?placeid=ChIJPzX8w1pbwokRwL9OFwKxBP4&q=restaurant+in+new+york&authuser=0&hl=en&gl=BD","https://www.facebook.com/lostacosno1"," ","https://twitter.com/LosTacosNo1","https://www.instagram.com/lostacos1/","Savor the flavors of Mexico at LOS TACOS No. 1, where every taco is crafted from fresh ingredients and cherished family recipes for an authentic experience.","los tacos no. 1, los tacos, best tacos, new york, mexican food, new york city","0ahUKEwj8_uDvg7iOAxV5yqACHQvFJE4Q8BcIlggoFw","Wheelchair-accessible entrance | Assistive hearing loop | Wheelchair-accessible car park | Wheelchair-accessible toilet","Toilet","Outdoor seating | Delivery | On-site services | Takeaway | Dine-in","Credit cards | Debit cards | NFC mobile payments | Credit cards","Comfort food | Quick bite | Small plates | Vegetarian options","Groups | Tourists | University students","Usually a wait | Accepts reservations","https://www.yelp.com/biz/los-tacos-no-1-new-york?sort_by=date_desc","Identifies as Latino-owned",
"12","restaurant in newyork","1803 NYC","82 Reade St  New York  NY 10007  United States","82 Reade St","New York","10007","United States","New York","US","America/New_York","$30–50","Elevated Cajun-Creole food and drinks served in a New Orleans's French quarters-inspired restaurant.","Elegant New Orleans-style eatery ","+12122673000","(212) 267-3000","+12122673000","1803nyc@gmail.com | email@example.com","https://1803nyc.com/","1803nyc.com","Cajun restaurant","Bar","Yes","1865","4.5","Elegant New Orleans-style eatery ","open","Saturday, 11 AM-12 AM; Sunday, 11 AM-11 PM; Monday, 11:30 AM-11 PM; Tuesday, 11:30 AM-11 PM; Wednesday, 11:30 AM-11 PM; Thursday, 11:30 AM-11 PM; Friday, 11:30 AM-11 PM; ","11 AM-12 AM","11 AM-11 PM","11:30 AM-11 PM","11:30 AM-11 PM","11:30 AM-11 PM","11:30 AM-11 PM","11:30 AM-11 PM","Lat 40.7154539","Lng -74.00733009999999","40.7154539,-74.00733009999999","87G7PX8V+53M","ChIJ0yKXaB9awokR6WFqdEE9aBY","https://1803nyc.com/#reservation","https://www.google.com/maps/place/?q=place_id:ChIJ0yKXaB9awokR6WFqdEE9aBY","1614607817747620329","https://www.google.com/search?kgmid=/g/11d_tqq6n7","/g/11d_tqq6n7","https://www.google.com/maps/reserve/v/dine/c/knKVX6xdexM?source=pa&opi=79508299&hl=en-BD&gei=MLRyaPymG_mUg8UPi4qT8QQ","https://lh5.googleusercontent.com/p/CIHM0ogKEICAgIDGiuDXNQ","https://t1.gstatic.com/faviconV2?client=SOCIAL&type=FAVICON&fallback_opts=TYPE,SIZE,URL&url=https://1803nyc.com/&size=48","https://search.google.com/local/reviews?placeid=ChIJ0yKXaB9awokR6WFqdEE9aBY&q=restaurant+in+new+york&authuser=0&hl=en&gl=BD","https://www.facebook.com/190728041467372"," "," ","https://www.instagram.com/1803nyc","From renowned Chef Rafael Haid comes 1803 NYC, the best party on this side of the Mississippi River! Inspired by New Orleans’ vibrant culinary scene and rich culture and named for the Louisiana Purchase, 1803 transports you from the Big Apple to the Big Easy with its stunning balcony seating, covered outdoor seating, and prohibition speakeasy bar, Bon Courage. The good times keep on rolling with live music and special events daily, a stellar menu highlighted by Cajun-Creole dishes and NOLA classics (think Seafood Gumbo and beignets!), and delicious, carefully crafted cocktails",,"0ahUKEwj8_uDvg7iOAxV5yqACHQvFJE4Q8BcI6AgoGA","Wheelchair-accessible entrance | Wheelchair-accessible seating | Wheelchair-accessible toilet | Wheelchair-accessible car park","Bar on site | Gender-neutral toilets | Toilet | Wi-Fi | Wi-Fi","Outdoor seating | No-contact delivery | Delivery | Takeaway | Dine-in","Credit cards | Debit cards | NFC mobile payments | Credit cards","Alcohol | Beer | Cocktails | Coffee | Comfort food | Food | Happy-hour drinks | Happy-hour food | Late-night food | Private dining room | Quick bite | Small plates | Spirits | Vegan options | Vegetarian options | Wine","Family friendly | Groups | LGBTQ+ friendly | Tourists | Transgender safe space","Brunch reservations recommended | Lunch reservations recommended | Dinner reservations recommended | Accepts reservations",,,
"13","restaurant in newyork","Osteria Barocca","133 Mulberry St  New York  NY 10013  United States","133 Mulberry St","New York","10013","United States","New York","US","America/New_York","$$"," "," ","+12129511323","(212) 951-1323",,,"https://www.ob-ny.com/","ob-ny.com","Italian restaurant","Ligurian restaurant","Yes","2165","4.6","Dogs allowed","open","Saturday, 11 AM-11 PM; Sunday, 11 AM-10 PM; Monday, 11 AM-10 PM; Tuesday, 11 AM-10 PM; Wednesday, 11 AM-10 PM; Thursday, 11 AM-10 PM; Friday, 11 AM-11 PM; ","11 AM-11 PM","11 AM-10 PM","11 AM-10 PM","11 AM-10 PM","11 AM-10 PM","11 AM-10 PM","11 AM-11 PM","Lat 40.7186467","Lng -73.99792409999999","40.7186467,-73.99792409999999","87G8P292+FR4","ChIJK0YQvsRZwokR9r2ubFZRd7E","https://www.opentable.com/restaurant/profile/1283818?ref=1068","https://www.google.com/maps/place/?q=place_id:ChIJK0YQvsRZwokR9r2ubFZRd7E","12787779098574241270","https://www.google.com/search?kgmid=/g/11kj896nq7","/g/11kj896nq7","https://www.google.com/maps/reserve/v/dine/c/_twWfgBNy6M?source=pa&opi=79508299&hl=en-BD&gei=MLRyaPymG_mUg8UPi4qT8QQ","https://lh5.googleusercontent.com/p/CIHM0ogKEICAgIDR5caXQA","https://t1.gstatic.com/faviconV2?client=SOCIAL&type=FAVICON&fallback_opts=TYPE,SIZE,URL&url=https://www.ob-ny.com/&size=48","https://search.google.com/local/reviews?placeid=ChIJK0YQvsRZwokR9r2ubFZRd7E&q=restaurant+in+new+york&authuser=0&hl=en&gl=BD","https://www.facebook.com/p/Osteria-Barocca-100091568542931/"," "," ","https://www.instagram.com/o.b.nyc/","Explore OB NYC's Osteria Barocca for authentic Italian cuisine in a modern, elegant setting in the heart of New York City. A night out, at OB NYC.",,"0ahUKEwj8_uDvg7iOAxV5yqACHQvFJE4Q8BcIygkoGQ","Assistive hearing loop | Wheelchair-accessible entrance | Wheelchair-accessible seating | Wheelchair-accessible toilet | Wheelchair-accessible car park","Bar on site | Gender-neutral toilets | Toilet | Wi-Fi | Wi-Fi","Outdoor seating | Kerbside pickup | Delivery | Takeaway | Dine-in","Credit cards | Debit cards | NFC mobile payments | Credit cards","Alcohol | Beer | Cocktails | Coffee | Comfort food | Food | Happy-hour drinks | Happy-hour food | Late-night food | Organic dishes | Private dining room | Small plates | Spirits | Vegan options | Vegetarian options | Wine","Family friendly | Groups | LGBTQ+ friendly | Locals | Tourists | Transgender safe space","Dinner reservations recommended | Accepts reservations",,"Identifies as LGBTQ+ owned",
"14","restaurant in newyork","Buvette","42 Grove St  New York  NY 10014  United States","42 Grove St","New York","10014","United States","New York","US","America/New_York","$30–50","Popular, quaint bistro offering a French small-plates menu at breakfast, lunch, and dinner.","French-style tapas in cozy quarters","+12122553590","(212) 255-3590",,,"http://www.ilovebuvette.com/","ilovebuvette.com","French restaurant","Breakfast restaurant","Yes","3979","4.4","French-style tapas in cozy quarters","open","Saturday, 8 AM-12 AM; Sunday, 8 AM-12 AM; Monday, 8 AM-12 AM; Tuesday, 8 AM-12 AM; Wednesday, 8 AM-12 AM; Thursday, 8 AM-12 AM; Friday, 8 AM-12 AM; ","8 AM-12 AM","8 AM-12 AM","8 AM-12 AM","8 AM-12 AM","8 AM-12 AM","8 AM-12 AM","8 AM-12 AM","Lat 40.732625899999995","Lng -74.00432839999999","40.732625899999995,-74.00432839999999","87G7PXMW+373","ChIJEwHZcZNZwokR810IgyQhoZM","https://app.upserve.com/s/buvette-new-york","https://www.google.com/maps/place/?q=place_id:ChIJEwHZcZNZwokR810IgyQhoZM","10637820235526725107","https://www.google.com/search?kgmid=/g/1tg4xryn","/g/1tg4xryn"," ","https://lh5.googleusercontent.com/p/CIHM0ogKEICAgICkptKT-AE","https://t1.gstatic.com/faviconV2?client=SOCIAL&type=FAVICON&fallback_opts=TYPE,SIZE,URL&url=http://www.ilovebuvette.com/&size=48","https://search.google.com/local/reviews?placeid=ChIJEwHZcZNZwokR810IgyQhoZM&q=restaurant+in+new+york&authuser=0&hl=en&gl=BD"," "," "," ","https://www.instagram.com/buvettenyc/?hl=en","Buvette is part bar, part restaurant, part cafe, open from sunlight to candlelight. Enjoy good food and drinks all day. Walk in any time of the day to enjoy en espresso, a lunch with an old friend, an afternoon aperitif, or classic cocktails expertly made at the bar served late into the evening. Find Buvette in NYC, London, Paris and Tokyo.",,"0ahUKEwj8_uDvg7iOAxV5yqACHQvFJE4Q8BcIqwooGg","Wheelchair-accessible car park | Wheelchair-accessible entrance","Bar on site | Gender-neutral toilets | Toilet","Outdoor seating | Delivery | On-site services | Takeaway | Dine-in","Credit cards | Debit cards | NFC mobile payments | Credit cards","Alcohol | Beer | Cocktails | Coffee | Comfort food | Late-night food | Organic dishes | Quick bite | Small plates | Spirits | Wine","LGBTQ+ friendly | Tourists","Usually a wait",,"Identifies as women-owned",
"15","restaurant in newyork","Per Se","10 Columbus Cir  New York  NY 10019  United States","10 Columbus Cir","New York","10019","United States","New York","US","America/New_York","$100+","Chef Thomas Keller's New American restaurant offers luxe fixed-price menus, with Central Park views.","Thomas Keller's New American fine dining","+12128239335","(212) 823-9335",,,"https://www.thomaskeller.com/perseny","thomaskeller.com","Fine dining restaurant","French restaurant","Yes","1911","4.5","Thomas Keller's New American fine dining","open","Saturday, 4:30-9 PM; Sunday, 4:30-9 PM; Monday, 4:30-9 PM; Tuesday, 4:30-9 PM; Wednesday, 4:30-9 PM; Thursday, 4:30-9 PM; Friday, 4:30-9 PM; ","4:30-9 PM","4:30-9 PM","4:30-9 PM","4:30-9 PM","4:30-9 PM","4:30-9 PM","4:30-9 PM","Lat 40.768217799999995","Lng -73.9828988","40.768217799999995,-73.9828988","87G8Q298+7RQ","ChIJp3PsL_ZYwokRZYqs_40RJF4","https://party-request.tripleseat.com/venues/M4G7cX7O/?rwg_token=ACgRB3eTsSwpcB4yso-ueCGRKs8jxjRKfpB46F8gRzJpRS-qI7BBOn5Pjg_-I2FTarjLhcbzX_JGicpnuvPYwvxM_68roT_f-A%3D%3D","https://www.google.com/maps/place/?q=place_id:ChIJp3PsL_ZYwokRZYqs_40RJF4","6783566240304368229","https://www.google.com/search?kgmid=/m/0cqv8y","/m/0cqv8y"," ","https://lh5.googleusercontent.com/p/CIHM0ogKEICAgIDBqPHnSA","https://t1.gstatic.com/faviconV2?client=SOCIAL&type=FAVICON&fallback_opts=TYPE,SIZE,URL&url=https://www.thomaskeller.com/perseny&size=48","https://search.google.com/local/reviews?placeid=ChIJp3PsL_ZYwokRZYqs_40RJF4&q=restaurant+in+new+york&authuser=0&hl=en&gl=BD","https://www.facebook.com/perse"," ","http://twitter.com/PerSeNY","https://instagram.com/PerSeNY/",,,"0ahUKEwj8_uDvg7iOAxV5yqACHQvFJE4Q8BcIjAsoGw","Wheelchair-accessible entrance | Wheelchair-accessible seating | Wheelchair-accessible toilet","Bar on site | Toilet","Dine-in | Delivery | Takeaway","Credit cards | Debit cards | NFC mobile payments | Credit cards","Alcohol | Beer | Cocktails | Coffee | Organic dishes | Private dining room | Small plates | Spirits | Vegan options | Vegetarian options | Wine","Groups | Tourists","Reservations required | Dinner reservations recommended | Accepts reservations",,,"https://www.youtube.com/channel/UCgZC_UDMg9mT_2NS5TOFduQ"
"16","restaurant in newyork","Piccola Cucina Estiatorio","75 Thompson St  New York  NY 10012  United States","75 Thompson St","New York","10012","United States","New York","US","America/New_York","$30–50"," "," ","+16467819183","(646) 781-9183",,,"http://www.piccolacucinagroup.com/","piccolacucinagroup.com","Italian restaurant","Seafood market","Yes","1743","4.6","Brunch","open","Saturday, 11:30 AM-12 AM; Sunday, 11:30 AM-11 PM; Monday, 11:30 AM-11 PM; Tuesday, 11:30 AM-11 PM; Wednesday, 11:30 AM-11 PM; Thursday, 11:30 AM-11 PM; Friday, 11:30 AM-12 AM; ","11:30 AM-12 AM","11:30 AM-11 PM","11:30 AM-11 PM","11:30 AM-11 PM","11:30 AM-11 PM","11:30 AM-11 PM","11:30 AM-12 AM","Lat 40.7246842","Lng -74.0031818","40.7246842,-74.0031818","87G7PXFW+VPG","ChIJlQbeXYxZwokRnKjjqj-xmxM","https://www.opentable.com/restaurant/profile/343939?ref=1068","https://www.google.com/maps/place/?q=place_id:ChIJlQbeXYxZwokRnKjjqj-xmxM","1412917795118885020","https://www.google.com/search?kgmid=/g/11g6vgbm5y","/g/11g6vgbm5y","https://www.google.com/maps/reserve/v/dine/c/pcvDAa-RKIU?source=pa&opi=79508299&hl=en-BD&gei=MLRyaPymG_mUg8UPi4qT8QQ","https://lh5.googleusercontent.com/p/AF1QipNoIV4fOazNCv4q04hA-CLCxMmuV9q3-ua81HR8","https://t1.gstatic.com/faviconV2?client=SOCIAL&type=FAVICON&fallback_opts=TYPE,SIZE,URL&url=http://www.piccolacucinagroup.com/&size=48","https://search.google.com/local/reviews?placeid=ChIJlQbeXYxZwokRnKjjqj-xmxM&q=restaurant+in+new+york&authuser=0&hl=en&gl=BD","https://www.facebook.com/piccolacucinany/"," "," ","https://www.instagram.com/piccolacucinany/","Stai cercando i migliori ristoranti di NYC? Piccola Cucina Group ti fornisce le informazioni sui migliori posti dove mangiare.",,"0ahUKEwj8_uDvg7iOAxV5yqACHQvFJE4Q8BcI4wsoHA","Wheelchair-accessible car park","Toilet | Wi-Fi | Wi-Fi","Outdoor seating | Delivery | Takeaway | Dine-in","Credit cards | Debit cards | NFC mobile payments | Credit cards","Alcohol | Beer | Cocktails | Comfort food | Food | Late-night food | Vegetarian options | Wine","Groups | LGBTQ+ friendly | Locals | Tourists","Lunch reservations recommended | Dinner reservations recommended | Accepts reservations | Usually a wait",,,
"17","restaurant in newyork","RH Rooftop Restaurant at RH New York","9 9th Ave  New York  NY 10014  United States","9 9th Ave","New York","10014","United States","New York","US","America/New_York","$50–100","Glamorous rooftop restaurant offering American fare amid chandeliers, greenery, and skyline views.","Elegant American bistro with city views","+12122172210","(212) 217-2210",,,"http://www.rh.com/newyork/restaurant","rh.com","American restaurant","Restaurant","Yes","2302","4.4","Elegant American bistro with city views","open","Saturday, 10 AM-9 PM; Sunday, 10 AM-9 PM; Monday, 11:30 AM-9 PM; Tuesday, 11:30 AM-9 PM; Wednesday, 11:30 AM-9 PM; Thursday, 11:30 AM-9 PM; Friday, 11:30 AM-9 PM; ","10 AM-9 PM","10 AM-9 PM","11:30 AM-9 PM","11:30 AM-9 PM","11:30 AM-9 PM","11:30 AM-9 PM","11:30 AM-9 PM","Lat 40.73985","Lng -74.00639","40.73985,-74.00639","87G7PXQV+WCQ","ChIJlSsnN_NZwokRD4CVvN0DPYE","https://www.opentable.com/restaurant/profile/1050247?ref=1068","https://www.google.com/maps/place/?q=place_id:ChIJlSsnN_NZwokRD4CVvN0DPYE","9312603855358623759","https://www.google.com/search?kgmid=/g/11gnnvmd4l","/g/11gnnvmd4l","https://www.google.com/maps/reserve/v/dine/c/YEEToh7bBlo?source=pa&opi=79508299&hl=en-BD&gei=MLRyaPymG_mUg8UPi4qT8QQ","https://lh5.googleusercontent.com/p/CIHM0ogKEICAgID-u9aNXg","https://t1.gstatic.com/faviconV2?client=SOCIAL&type=FAVICON&fallback_opts=TYPE,SIZE,URL&url=http://www.rh.com/newyork/restaurant&size=48","https://search.google.com/local/reviews?placeid=ChIJlSsnN_NZwokRD4CVvN0DPYE&q=restaurant+in+new+york&authuser=0&hl=en&gl=BD"," "," "," "," "," "," ","0ahUKEwj8_uDvg7iOAxV5yqACHQvFJE4Q8BcIxgwoHQ","Wheelchair-accessible entrance | Wheelchair-accessible seating | Wheelchair-accessible toilet","Bar on site | Toilet","Outdoor seating | On-site services | Dine-in | Delivery | Takeaway","Credit cards | Debit cards | NFC mobile payments | Credit cards","Alcohol | Beer | Cocktails | Coffee | Comfort food | Food | Happy-hour drinks | Late-night food | Private dining room | Small plates | Spirits | Wine","Groups | Tourists","Brunch reservations recommended | Lunch reservations recommended | Reservations required | Dinner reservations recommended | Accepts reservations | Usually a wait",,," "
"18","restaurant in newyork","The Modern","9 W 53rd St  New York  NY 10019  United States","9 W 53rd St","New York","10019","United States","New York","US","America/New_York","$100+","French/New American fare in a modernist space with garden views at the Museum of Modern Art.","Fine dining at the Museum of Modern Art","+12123331220","(212) 333-1220",,,"https://www.themodernnyc.com/the-modern/","themodernnyc.com","Restaurant"," ","Yes","2527","4.6","Fine dining at the Museum of Modern Art","open","Saturday, 12-2:30 PM | 5-9:30 PM; Sunday, 12-2:30 PM; Monday, 12-2:30 PM | 5:30-9 PM; Tuesday, 12-2:30 PM | 5:30-9 PM; Wednesday, 12-2:30 PM | 5:30-9 PM; Thursday, 12-2:30 PM | 5:30-9 PM; Friday, 12-2:30 PM | 5-9:30 PM; ","12-2:30 PM | 5-9:30 PM","12-2:30 PM","12-2:30 PM | 5:30-9 PM","12-2:30 PM | 5:30-9 PM","12-2:30 PM | 5:30-9 PM","12-2:30 PM | 5:30-9 PM","12-2:30 PM | 5-9:30 PM","Lat 40.761081","Lng -73.976753","40.761081,-73.976753","87G8Q26F+C7Q","ChIJMW-gxPtYwokRzDlnsRgq9rA","https://resy.com/cities/new-york-ny/venues/the-modern?rwg_token=ACgRB3dYBDzDKPmhnUVekkn8K3Q7_LqxOVrZb6I9uXDLHxV2XjQCLJONd8vyYQOivQSXoyJhSrM8C6JanHiwQRdON4JNQvXrOQ%3D%3D","https://www.google.com/maps/place/?q=place_id:ChIJMW-gxPtYwokRzDlnsRgq9rA","12751425680490052044","https://www.google.com/search?kgmid=/m/05yj_8q","/m/05yj_8q","https://www.google.com/maps/reserve/v/dine/c/IqhMF1j7prg?source=pa&opi=79508299&hl=en-BD&gei=MLRyaPymG_mUg8UPi4qT8QQ","https://lh5.googleusercontent.com/p/AF1QipPFegcqnHSeW_Ngyd9kDff_bofmJx6cA0Woh95o","https://t1.gstatic.com/faviconV2?client=SOCIAL&type=FAVICON&fallback_opts=TYPE,SIZE,URL&url=https://www.themodernnyc.com/the-modern/&size=48","https://search.google.com/local/reviews?placeid=ChIJMW-gxPtYwokRzDlnsRgq9rA&q=restaurant+in+new+york&authuser=0&hl=en&gl=BD"," "," ","https://twitter.com/themodernnyc","https://instagram.com/themodernnyc/","The Modern is a Michelin-starred contemporary American restaurant at the Museum of Modern Art. Private dining options available - perfect for any special occasion.","The Modern, Danny Meyer, Union Square Hospitality Group, Abram Bissell, Master Sommelier, MoMA, Michelin Stars, New York restaurant, michelin star restaurant, michelin star restaurant new york, modern new york, modern restaurant new york, USHG, Private Events, Private room, Corporate Events, Birthday Parties","0ahUKEwj8_uDvg7iOAxV5yqACHQvFJE4Q8BcInw0oHg","Wheelchair-accessible entrance | Wheelchair-accessible seating | Wheelchair-accessible toilet | Wheelchair-accessible car park","Bar on site | Toilet","Outdoor seating | Dine-in | Delivery | Takeaway","Credit cards | Debit cards | NFC mobile payments | Credit cards","Alcohol | Beer | Cocktails | Coffee | Private dining room | Small plates | Spirits | Wine","Groups | Tourists","Brunch reservations recommended | Lunch reservations recommended | Reservations required | Dinner reservations recommended | Accepts reservations",,,
"19","restaurant in newyork","Lindens","2 Renwick St  New York  NY 10013  United States","2 Renwick St","New York","10013","United States","New York","US","America/New_York","$50–100","Trendy place with a raw bar, offering enhanced versions of classic dishes and cocktails.","Hip eatery for elevated American fare","+19295957706","(929) 595-7706","+19295957706","hello@lindensnyc.com","http://www.lindensnyc.com/","lindensnyc.com","American restaurant"," ","Yes","737","4.8","Hip eatery for elevated American fare","open","Saturday, 7 AM-10 PM; Sunday, 7 AM-10 PM; Monday, 7 AM-10 PM; Tuesday, 7 AM-10 PM; Wednesday, 7 AM-10 PM; Thursday, 7 AM-10 PM; Friday, 7 AM-10 PM; ","7 AM-10 PM","7 AM-10 PM","7 AM-10 PM","7 AM-10 PM","7 AM-10 PM","7 AM-10 PM","7 AM-10 PM","Lat 40.7245348","Lng -74.0084684","40.7245348,-74.0084684","87G7PXFR+RJ7","ChIJh-oPySxZwokRBTfrxwTdRo4","https://www.opentable.com/restaurant/profile/1213444?ref=1068","https://www.google.com/maps/place/?q=place_id:ChIJh-oPySxZwokRBTfrxwTdRo4","10252124614359201541","https://www.google.com/search?kgmid=/g/11s11zwhbf","/g/11s11zwhbf","https://www.google.com/maps/reserve/v/dine/c/P4ZcZa8maDw?source=pa&opi=79508299&hl=en-BD&gei=MLRyaPymG_mUg8UPi4qT8QQ","https://lh5.googleusercontent.com/p/AF1QipNEdgRccHW0opOBBSekjL0rv9yIaDQr9LPnzDM","https://t1.gstatic.com/faviconV2?client=SOCIAL&type=FAVICON&fallback_opts=TYPE,SIZE,URL&url=http://www.lindensnyc.com/&size=48","https://search.google.com/local/reviews?placeid=ChIJh-oPySxZwokRBTfrxwTdRo4&q=restaurant+in+new+york&authuser=0&hl=en&gl=BD"," "," "," ","https://www.instagram.com/lindensnyc","Trendy place with a raw bar, offering enhanced versions of classic dishes and cocktails. Located in New York, NY.","New York, NY, Fresh Pasta, Brunch Restaurant, NYC Dinner","0ahUKEwj8_uDvg7iOAxV5yqACHQvFJE4Q8BcI-A0oHw","Wheelchair-accessible entrance | Wheelchair-accessible seating | Wheelchair-accessible toilet","Bar on site | Toilet | Wi-Fi | Wi-Fi","Outdoor seating | No-contact delivery | Delivery | Takeaway | Dine-in","Credit cards | Debit cards | Credit cards","Alcohol | Beer | Cocktails | Coffee | Comfort food | Food | Happy-hour drinks | Happy-hour food | Organic dishes | Small plates | Spirits | Vegetarian options | Wine","Family friendly | Groups | LGBTQ+ friendly | Locals | Tourists | Transgender safe space","Brunch reservations recommended | Dinner reservations recommended | Accepts reservations",,,
"20","restaurant in newyork","Via Carota","51 Grove St  New York  NY 10014  United States","51 Grove St","New York","10014","United States","New York","US","America/New_York","$50–100","Italian trattoria serving traditional plates & apéritifs in a rustic, cozy space.","Rustic trattoria with hearty fare","+12122551962","(212) 255-1962",,"ciao@viacarota.com","http://viacarota.com/","viacarota.com","Italian restaurant"," ","Yes","2949","4.4","Rustic trattoria with hearty fare","open","Saturday, 10 AM-11 PM; Sunday, 10 AM-11 PM; Monday, 11 AM-11 PM; Tuesday, 11 AM-11 PM; Wednesday, 11 AM-11 PM; Thursday, 11 AM-11 PM; Friday, 10 AM-11 PM; ","10 AM-11 PM","10 AM-11 PM","11 AM-11 PM","11 AM-11 PM","11 AM-11 PM","11 AM-11 PM","10 AM-11 PM","Lat 40.7331437","Lng -74.0036671","40.7331437,-74.0036671","87G7PXMW+7G4","ChIJr7FOf5NZwokRu3CDYtzVmuQ","https://www.viacarota.com/","https://www.google.com/maps/place/?q=place_id:ChIJr7FOf5NZwokRu3CDYtzVmuQ","16472713729583313083","https://www.google.com/search?kgmid=/g/11bbwz4b3z","/g/11bbwz4b3z"," ","https://lh5.googleusercontent.com/p/CIABIhC8ET7QcEnNxGraOsWHOcKY","https://t1.gstatic.com/faviconV2?client=SOCIAL&type=FAVICON&fallback_opts=TYPE,SIZE,URL&url=http://viacarota.com/&size=48","https://search.google.com/local/reviews?placeid=ChIJr7FOf5NZwokRu3CDYtzVmuQ&q=restaurant+in+new+york&authuser=0&hl=en&gl=BD"," "," "," ","http://instagram.com/viacarota","Via Carota is the West Village, NYC, gastroteca where cherished downtown chefs Jody Williams and Rita Sodi cook deeply appealing Italian food. It's your neighborhood place for breakfast in the morning sun, a leisurely lunch with a friend, family dinner at the communal table or a late-night amaro at the bar. Located at 51 Grove Street, just one block up from the couple’s other beloved restaurants.",,"0ahUKEwj8_uDvg7iOAxV5yqACHQvFJE4Q8BcI2g4oIA","Wheelchair-accessible entrance | Wheelchair-accessible seating | Wheelchair-accessible toilet | Wheelchair-accessible car park","Bar on site | Toilet","Outdoor seating | Kerbside pickup | No-contact delivery | Delivery | Takeaway | Dine-in","Credit cards | Debit cards | NFC mobile payments | Credit cards","Alcohol | Beer | Cocktails | Coffee | Comfort food | Food | Healthy options | Late-night food | Organic dishes | Small plates | Spirits | Vegetarian options | Wine","Groups | LGBTQ+ friendly | Locals | Tourists","Brunch reservations recommended | Lunch reservations recommended | Accepts reservations | Usually a wait",,"Identifies as women-owned",
"21","restaurant in newyork","Jams","1414 6th Ave  New York  NY 10019  United States","1414 6th Ave","New York","10019","United States","New York","US","America/New_York","$30–50","Stylish restaurant with an open kitchen and a patio in the 1 Hotel Central Park, serving Californian cuisine.","Airy hotel locale for Californian fare","+12127032007","(212) 703-2007","+12127032001 | +18336254111 | +12127032007",,"https://www.1hotels.com/central-park/taste/jams?utm_source=google-gbp&utm_medium=organic&utm_campaign=gbp","1hotels.com","Restaurant","American restaurant","Yes","1185","4.2","Airy hotel locale for Californian fare","open","Saturday, 7 AM-11:45 PM; Sunday, 7 AM-10:45 PM; Monday, 7 AM-10:45 PM; Tuesday, 7 AM-10:45 PM; Wednesday, 7 AM-11:45 PM; Thursday, 7 AM-11:45 PM; Friday, 7 AM-11:45 PM; ","7 AM-11:45 PM","7 AM-10:45 PM","7 AM-10:45 PM","7 AM-10:45 PM","7 AM-11:45 PM","7 AM-11:45 PM","7 AM-11:45 PM","Lat 40.7647337","Lng -73.9765262","40.7647337,-73.9765262","87G8Q27F+V9X","ChIJRzLEsfBYwokRHMTMZPqlyu8","https://www.sevenrooms.com/reservations/jams","https://www.google.com/maps/place/?q=place_id:ChIJRzLEsfBYwokRHMTMZPqlyu8","17278805415211877404","https://www.google.com/search?kgmid=/g/11bw1yvcxx","/g/11bw1yvcxx","https://www.google.com/maps/reserve/v/dine/c/DTAaacScQuA?source=pa&opi=79508299&hl=en-BD&gei=wLRyaOjuO46K4-EP9ebM4QE","https://lh5.googleusercontent.com/p/CIHM0ogKEICAgIDExIiRjwE","https://t1.gstatic.com/faviconV2?client=SOCIAL&type=FAVICON&fallback_opts=TYPE,SIZE,URL&url=https://www.1hotels.com/central-park/taste/jams?utm_source=google-gbp&utm_medium=organic&utm_campaign=gbp&size=48","https://search.google.com/local/reviews?placeid=ChIJRzLEsfBYwokRHMTMZPqlyu8&q=restaurant+in+newyork&authuser=0&hl=en&gl=BD","https://www.facebook.com/Jamsnyc/","https://www.linkedin.com/company/1-hotels/"," ","https://www.instagram.com/jams_nyc/","Named “Best Chef in New York City”, Jam's Chef Waxman offers seasonal dishes for breakfast, brunch, lunch, and dinner. Indoor and outdoor dining available.",,"0ahUKEwjozta0hLiOAxUOxTgGHXUzMxwQ8BcIaigM","Wheelchair-accessible entrance | Wheelchair-accessible seating | Wheelchair-accessible toilet | Assistive hearing loop | Wheelchair-accessible car park","Bar on site | Gender-neutral toilets | Toilet | Wi-Fi | Wi-Fi","Outdoor seating | Dine-in | Delivery | On-site services | Takeaway","Credit cards | Debit cards | NFC mobile payments | Credit cards","Alcohol | Beer | Cocktails | Coffee | Comfort food | Healthy options | Late-night food | Organic dishes | Small plates | Spirits | Vegan options | Vegetarian options | Wine","Family friendly | Groups | LGBTQ+ friendly | Tourists | Transgender safe space","Brunch reservations recommended | Lunch reservations recommended | Dinner reservations recommended | Accepts reservations",,,"https://www.youtube.com/channel/UCH2q5uF3_ga9bucN1OTnNpg"
"22","restaurant in newyork","Ellen's Stardust Diner","1650 Broadway  New York  NY 10019  United States","1650 Broadway","New York","10019","United States","New York","US","America/New_York","$20–30","Multi-level '50s-themed diner with memorabilia, singing servers, and an extensive menu of American classics.","Large '50s diner with singing waitstaff","+12129565151","(212) 956-5151","+12129565151","info@ellensstardustdiner.com","https://www.ellensstardustdiner.com/","ellensstardustdiner.com","Diner","American restaurant","Yes","21940","4.4","Large '50s diner with singing waitstaff","open","Saturday, 7 AM-12 AM; Sunday, 7 AM-12 AM; Monday, 7 AM-12 AM; Tuesday, 7 AM-12 AM; Wednesday, 7 AM-12 AM; Thursday, 7 AM-12 AM; Friday, 7 AM-12 AM; ","7 AM-12 AM","7 AM-12 AM","7 AM-12 AM","7 AM-12 AM","7 AM-12 AM","7 AM-12 AM","7 AM-12 AM","Lat 40.7618723","Lng -73.98343559999999","40.7618723,-73.98343559999999","87G8Q268+PJW","ChIJ_85dJlZYwokR29NPLSJngR4","https://party-request.tripleseat.com/venues/4L7IGYeM/?rwg_token=ACgRB3fIQB3qfqh8OziXsWfzSXGh02N3LqZvUMeGoIwJKLlWO1_GC0YmIrgXehKb9N11k8mlTqmLlQn4yZb1kSI6YUhxQSDhKA%3D%3D","https://www.google.com/maps/place/?q=place_id:ChIJ_85dJlZYwokR29NPLSJngR4","2198151489620267995","https://www.google.com/search?kgmid=/m/03wd_38","/m/03wd_38"," ","https://lh5.googleusercontent.com/p/CIHM0ogKEICAgIDum_W12wE","https://t1.gstatic.com/faviconV2?client=SOCIAL&type=FAVICON&fallback_opts=TYPE,SIZE,URL&url=https://www.ellensstardustdiner.com/&size=48","https://search.google.com/local/reviews?placeid=ChIJ_85dJlZYwokR29NPLSJngR4&q=restaurant+in+newyork&authuser=0&hl=en&gl=BD","https://www.facebook.com/EllensStardustDiner/"," ","https://twitter.com/ellensstardust","https://www.instagram.com/ellensstardust/","Welcome to Ellen's Stardust Diner - home of the world famous singing waiters - serving Breakfast, Lunch & Dinner for tour groups & locals alike since 1987!","Ellen's, Stardust, Singing Waiters, Breakfast, Lunch, Dinner, Retro, Manhattan, NY, New York","0ahUKEwjozta0hLiOAxUOxTgGHXUzMxwQ8BcIxgEoDQ","Wheelchair-accessible entrance | Wheelchair-accessible seating | Wheelchair-accessible toilet | Wheelchair-accessible car park","Bar on site | Toilet | Wi-Fi | Wi-Fi","Delivery | On-site services | Takeaway | Dine-in","Credit cards | Debit cards | NFC mobile payments | Credit cards","Alcohol | Beer | Cocktails | Coffee | Comfort food | Late-night food | Spirits | Wine","Family friendly | Groups | LGBTQ+ friendly | Tourists | Transgender safe space | University students","Usually a wait | Accepts reservations",,"Identifies as women-owned",
"23","restaurant in newyork","Benoit New York","60 W 55th St  New York  NY 10019  United States","60 W 55th St","New York","10019","United States","New York","US","America/New_York","$100+","Alain Ducasse's upscale French bistro, modeled after the Paris original, serves up classic fare.","Classic, upscale French bistro fare","+16469437373","(646) 943-7373","+16469437373","bistrot@benoitny.com","http://www.benoitny.com/","benoitny.com","French restaurant","Bistro","Yes","1105","4.4","Classic, upscale French bistro fare","open","Saturday, 12-9:45 PM; Sunday, 12-9 PM; Monday, 12-9:15 PM; Tuesday, 12-9:15 PM; Wednesday, 12-9:15 PM; Thursday, 12-9:45 PM; Friday, 12-9:45 PM; ","12-9:45 PM","12-9 PM","12-9:15 PM","12-9:15 PM","12-9:15 PM","12-9:45 PM","12-9:45 PM","Lat 40.762523","Lng -73.977277","40.762523,-73.977277","87G8Q27F+235","ChIJ397qiflYwokRx2AOUyRXMMo","https://www.opentable.com/restaurant/profile/21025?ref=1068","https://www.google.com/maps/place/?q=place_id:ChIJ397qiflYwokRx2AOUyRXMMo","14569240608067444935","https://www.google.com/search?kgmid=/g/1thy0qhb","/g/1thy0qhb","https://www.google.com/maps/reserve/v/dine/c/u6Kg4zDUrCQ?source=pa&opi=79508299&hl=en-BD&gei=wLRyaOjuO46K4-EP9ebM4QE","https://lh5.googleusercontent.com/p/CIHM0ogKEICAgICknvW4Mw","https://t1.gstatic.com/faviconV2?client=SOCIAL&type=FAVICON&fallback_opts=TYPE,SIZE,URL&url=http://www.benoitny.com/&size=48","https://search.google.com/local/reviews?placeid=ChIJ397qiflYwokRx2AOUyRXMMo&q=restaurant+in+newyork&authuser=0&hl=en&gl=BD","https://www.facebook.com/benoitbistroNY/"," "," ","https://www.instagram.com/benoitny/","A contemporary French bistro by Alain Ducasse located in the heart of Midtown Manhattan",,"0ahUKEwjozta0hLiOAxUOxTgGHXUzMxwQ8BcIogIoDg","Wheelchair-accessible entrance | Wheelchair-accessible seating | Wheelchair-accessible toilet","Bar on site | Toilet","Kerbside pickup | Delivery | Takeaway | Dine-in","Credit cards | Debit cards | NFC mobile payments | Credit cards","Alcohol | Beer | Cocktails | Coffee | Comfort food | Happy-hour drinks | Happy-hour food | Late-night food | Private dining room | Small plates | Spirits | Vegan options | Vegetarian options | Wine","Family friendly | Groups | LGBTQ+ friendly | Locals | Tourists","Brunch reservations recommended | Lunch reservations recommended | Dinner reservations recommended | Accepts reservations",,,
"24","restaurant in newyork","Upland","345 Park Ave S  New York  NY 10010  United States","345 Park Ave S","New York","10010","United States","New York","US","America/New_York","$50–100","Spacious, casually chic brasserie with hearty dishes featuring Californian & Italian influences.","California-inspired fare in rustic digs","+12126861006","(212) 686-1006","+12126861006","upland.info@starr-restaurant.com | upland.events@starr-restaurant.com | upland.marketing@starr-restaurant.com | upland.press@starr-restaurant.com","https://uplandnyc.com/?utm_source=GoogleBusinessProfile&utm_medium=Website&utm_campaign=MapLabs","uplandnyc.com","Restaurant","American restaurant","Yes","2305","4.5","California-inspired fare in rustic digs","open","Saturday, 10 AM-3 PM | 5-11 PM; Sunday, 10 AM-3 PM | 5-9 PM; Monday, 11:30 AM-3 PM | 5-10 PM; Tuesday, 11:30 AM-3 PM | 5-10 PM; Wednesday, 11:30 AM-3 PM | 5-10 PM; Thursday, 11:30 AM-3 PM | 5-10 PM; Friday, 11:30 AM-3 PM | 5-11 PM; ","10 AM-3 PM | 5-11 PM","10 AM-3 PM | 5-9 PM","11:30 AM-3 PM | 5-10 PM","11:30 AM-3 PM | 5-10 PM","11:30 AM-3 PM | 5-10 PM","11:30 AM-3 PM | 5-10 PM","11:30 AM-3 PM | 5-11 PM","Lat 40.7419313","Lng -73.984644","40.7419313,-73.984644","87G8P2R8+Q4H","ChIJWVD7FadZwokRs_pS6XY7VOU","https://resy.com/cities/new-york-ny/venues/upland?rwg_token=ACgRB3cwPwHFkZeUP_ennhgZxnI5dUL2ebq1jVyDOd5344Vhf1qD3hofXsH30zhKTLojvavaIgZX-92U4vq_mmKFVZL1dSHQ4G0DFkpDyg_1vHMdq-Z1T4A%3D","https://www.google.com/maps/place/?q=place_id:ChIJWVD7FadZwokRs_pS6XY7VOU","16524898314635901619","https://www.google.com/search?kgmid=/g/11btmqg_59","/g/11btmqg_59","https://www.google.com/maps/reserve/v/dine/c/4Sbqz9v-yao?source=pa&opi=79508299&hl=en-BD&gei=wLRyaOjuO46K4-EP9ebM4QE","https://lh5.googleusercontent.com/p/AF1QipPyLH8Qdni7V0feGbywrjk3L7VApcyHrRijfdsK","https://t1.gstatic.com/faviconV2?client=SOCIAL&type=FAVICON&fallback_opts=TYPE,SIZE,URL&url=https://uplandnyc.com/?utm_source=GoogleBusinessProfile&utm_medium=Website&utm_campaign=MapLabs&size=48","https://search.google.com/local/reviews?placeid=ChIJWVD7FadZwokRs_pS6XY7VOU&q=restaurant+in+newyork&authuser=0&hl=en&gl=BD","http://facebook.com/uplandnyc","https://www.linkedin.com/company/starr-restaurants"," ","https://instagram.com/upland_nyc",,,"0ahUKEwjozta0hLiOAxUOxTgGHXUzMxwQ8BcI_wIoDw","Wheelchair-accessible entrance | Wheelchair-accessible seating | Wheelchair-accessible toilet | Wheelchair-accessible car park","Bar on site | Toilet | Wi-Fi | Wi-Fi","Delivery | Takeaway | Dine-in","Credit cards | Debit cards | Credit cards","Alcohol | Beer | Cocktails | Coffee | Comfort food | Healthy options | Late-night food | Private dining room | Small plates | Spirits | Vegetarian options | Wine","Family friendly | Groups | LGBTQ+ friendly | Locals | Tourists | Transgender safe space","Brunch reservations recommended | Lunch reservations recommended | Dinner reservations recommended | Accepts reservations | Usually a wait",,,
"25","restaurant in newyork","Casa D'Angelo New York","146 Mulberry St  New York  NY 10013  United States","146 Mulberry St","New York","10013","United States","New York","US","America/New_York","$$","White-jacketed waiters serve Southern Italian specialties at this restaurant dating to 1902.","Old-school Italian dining & service","+12128048656","(212) 804-8656","+12128048656","cangelony@gmail.com","http://www.cangelomulberry.com/","cangelomulberry.com","Italian restaurant","Family restaurant","Yes","4715","4.6","Old-school Italian dining & service","open","Saturday, 11 AM-10:30 PM; Sunday, 11 AM-10:30 PM; Monday, 11 AM-10:30 PM; Tuesday, 11 AM-10:30 PM; Wednesday, 11 AM-10:30 PM; Thursday, 11 AM-10:30 PM; Friday, 11 AM-10:30 PM; ","11 AM-10:30 PM","11 AM-10:30 PM","11 AM-10:30 PM","11 AM-10:30 PM","11 AM-10:30 PM","11 AM-10:30 PM","11 AM-10:30 PM","Lat 40.7188063","Lng -73.9972296","40.7188063,-73.9972296","87G8P293+G4C","ChIJCxhnSohZwokRxmUkfrQWLfs","https://www.opentable.com/restaurant/profile/1229806?ref=1068","https://www.google.com/maps/place/?q=place_id:ChIJCxhnSohZwokRxmUkfrQWLfs","18099147441938130374","https://www.google.com/search?kgmid=/g/1thd7lnm","/g/1thd7lnm","https://www.google.com/maps/reserve/v/dine/c/d3jsGIayru8?source=pa&opi=79508299&hl=en-BD&gei=wLRyaOjuO46K4-EP9ebM4QE","https://lh5.googleusercontent.com/p/AF1QipOFT_fq91jNh_9FLX2xEy0GTT1M7bEZboZmf09k","https://t1.gstatic.com/faviconV2?client=SOCIAL&type=FAVICON&fallback_opts=TYPE,SIZE,URL&url=http://www.cangelomulberry.com/&size=48","https://search.google.com/local/reviews?placeid=ChIJCxhnSohZwokRxmUkfrQWLfs&q=restaurant+in+newyork&authuser=0&hl=en&gl=BD","https://www.facebook.com/CasaDAngeloNYC"," ","https://twitter.com/CasaDAngeloNYC","https://www.instagram.com/casadangelonyc/","Enjoy fresh pasta in Little Italy at Casa D’Angelo. One of the top Italian restaurants on Mulberry Street NYC for authentic rustic cuisine and handmade pasta dishes.",,"0ahUKEwjozta0hLiOAxUOxTgGHXUzMxwQ8BcI4AMoEA","Assistive hearing loop | Wheelchair-accessible car park | Wheelchair-accessible seating","Bar on site | Toilet | Wi-Fi | Wi-Fi","Outdoor seating | Kerbside pickup | No-contact delivery | Delivery | On-site services | Takeaway | Dine-in","Cheques | Credit cards | Debit cards | NFC mobile payments | Credit cards","Alcohol | All you can eat | Beer | Cocktails | Coffee | Comfort food | Food | Halal food | Happy-hour drinks | Late-night food | Organic dishes | Private dining room | Salad bar | Small plates | Spirits | Vegan options | Vegetarian options | Wine","Family friendly | Groups | LGBTQ+ friendly | Tourists | Transgender safe space","Dinner reservations recommended | Accepts reservations",,"Identifies as women-owned",
"26","restaurant in newyork","Le Coucou","138 Lafayette St  New York  NY 10013  United States","138 Lafayette St","New York","10013","United States","New York","US","America/New_York","$100+","Restaurant serving refined French fare, such as lobster, rabbit, duck, and foie gras in an airy, elegant setting.","Rustic-chic eatery for French classics","+12122714252","(212) 271-4252","+12122714252","lecoucou.reservations@starr-restaurant.com | lecoucou.info@starr-restaurant.com | lecoucou.events@starr-restaurant.com | lecoucou.marketing@starr-restaurant.com | lecoucou.press@starr-restaurant.com","https://www.lecoucou.com/?utm_source=GoogleBusinessProfile&utm_medium=Website&utm_campaign=MapLabs","lecoucou.com","Restaurant","Breakfast restaurant","Yes","1903","4.5","Rustic-chic eatery for French classics","open","Saturday, 11:30 AM-2:30 PM | 5-11 PM; Sunday, 11:30 AM-2 PM | 5-10 PM; Monday, 11:30 AM-2 PM | 5-11 PM; Tuesday, 11:30 AM-2 PM | 5-11 PM; Wednesday, 11:30 AM-2 PM | 5-11 PM; Thursday, 11:30 AM-2 PM | 5-11 PM; Friday, 11:30 AM-2 PM | 5-11 PM; ","11:30 AM-2:30 PM | 5-11 PM","11:30 AM-2 PM | 5-10 PM","11:30 AM-2 PM | 5-11 PM","11:30 AM-2 PM | 5-11 PM","11:30 AM-2 PM | 5-11 PM","11:30 AM-2 PM | 5-11 PM","11:30 AM-2 PM | 5-11 PM","Lat 40.7191167","Lng -74.0001861","40.7191167,-74.0001861","87G7PX9X+JWW","ChIJyw5j84lZwokRnUI_UknPSNA","https://resy.com/cities/new-york-ny/venues/le-coucou?rwg_token=ACgRB3czNiF43LleJ7pcYNn3ko-b80U2RVJHZHNft7nGKRJ2HQ_Q2FI1PF96w_xHSNUUNVANrEi-QMCkWdReDOudWDInGdt-XK8Hd2sHp6hb7zRiaE9U3ao%3D","https://www.google.com/maps/place/?q=place_id:ChIJyw5j84lZwokRnUI_UknPSNA","15008473672031617693","https://www.google.com/search?kgmid=/g/11clvbwgj9","/g/11clvbwgj9","https://www.google.com/maps/reserve/v/dine/c/kTEDEPwjW88?source=pa&opi=79508299&hl=en-BD&gei=wLRyaOjuO46K4-EP9ebM4QE","https://lh5.googleusercontent.com/p/CIHM0ogKEICAgIC2yePUWA","https://t1.gstatic.com/faviconV2?client=SOCIAL&type=FAVICON&fallback_opts=TYPE,SIZE,URL&url=https://www.lecoucou.com/?utm_source=GoogleBusinessProfile&utm_medium=Website&utm_campaign=MapLabs&size=48","https://search.google.com/local/reviews?placeid=ChIJyw5j84lZwokRnUI_UknPSNA&q=restaurant+in+newyork&authuser=0&hl=en&gl=BD","http://facebook.com/lecoucounyc","https://www.linkedin.com/company/starr-restaurants"," ","https://instagram.com/lecoucou_nyc",,,"0ahUKEwjozta0hLiOAxUOxTgGHXUzMxwQ8BcIwwQoEQ","Wheelchair-accessible car park | Wheelchair-accessible entrance | Wheelchair-accessible seating | Wheelchair-accessible toilet","Bar on site | Toilet","Dine-in | Delivery | Takeaway","Credit cards | Debit cards | NFC mobile payments | Credit cards","Alcohol | Beer | Cocktails | Coffee | Comfort food | Organic dishes | Small plates | Wine","Family friendly | LGBTQ+ friendly | Tourists | Transgender safe space","Brunch reservations recommended | Lunch reservations recommended | Dinner reservations recommended | Accepts reservations | Usually a wait",,,
"27","restaurant in newyork","Le Bernardin","155 W 51st St  New York  NY 10019  United States","155 W 51st St","New York","10019","United States","New York","US","America/New_York","$100+","Elite French restaurant offers chef Eric Ripert's refined seafood, expert service & luxurious decor.","Celebrated French seafood restaurant","+12125541515","(212) 554-1515",,,"https://www.le-bernardin.com/home","le-bernardin.com","French restaurant","Fine dining restaurant","Yes","3881","4.6","Celebrated French seafood restaurant","open","Saturday, 5-11 PM; Sunday, Closed; Monday, 12-2:30 PM | 5-10:30 PM; Tuesday, 12-2:30 PM | 5-10:30 PM; Wednesday, 12-2:30 PM | 5-10:30 PM; Thursday, 12-2:30 PM | 5-10:30 PM; Friday, 12-2:30 PM | 5-11 PM; ","5-11 PM","Closed","12-2:30 PM | 5-10:30 PM","12-2:30 PM | 5-10:30 PM","12-2:30 PM | 5-10:30 PM","12-2:30 PM | 5-10:30 PM","12-2:30 PM | 5-11 PM","Lat 40.7614218","Lng -73.9817558","40.7614218,-73.9817558","87G8Q269+H79","ChIJV7QQ6kdZwokRax4615zpSGU","https://party-request.tripleseat.com/venues/p48IOOFz/?rwg_token=ACgRB3dKZOQl6hKN98xhi3zIubxIGwFCUxWZfhfjFYCB7atudAOQoJv54KJI8wCZli72YB2O4mDrxOTWPTBnFkETCApNu8jkwg%3D%3D","https://www.google.com/maps/place/?q=place_id:ChIJV7QQ6kdZwokRax4615zpSGU","7298340055988969067","https://www.google.com/search?kgmid=/m/02qsq9d","/m/02qsq9d"," ","https://lh5.googleusercontent.com/p/CIHM0ogKEICAgIDSztP-tAE","https://t1.gstatic.com/faviconV2?client=SOCIAL&type=FAVICON&fallback_opts=TYPE,SIZE,URL&url=https://www.le-bernardin.com/home&size=48","https://search.google.com/local/reviews?placeid=ChIJV7QQ6kdZwokRax4615zpSGU&q=restaurant+in+newyork&authuser=0&hl=en&gl=BD"," "," "," ",,,,"0ahUKEwjozta0hLiOAxUOxTgGHXUzMxwQ8BcInwUoEg","Wheelchair-accessible entrance | Wheelchair-accessible seating | Wheelchair-accessible toilet","Bar on site | Toilet","Delivery | On-site services | Dine-in","Credit cards | Debit cards | NFC mobile payments | Credit cards","Alcohol | Beer | Cocktails | Coffee | Private dining room | Spirits | Wine","Groups | Locals | Tourists","Brunch reservations recommended | Lunch reservations recommended | Reservations required | Dinner reservations recommended | Accepts reservations",,,
"28","restaurant in newyork","Baires Grill - New York","350 W 50th St  New York  NY 10019  United States","350 W 50th St","New York","10019","United States","New York","US","America/New_York","$50–100"," "," ","+12128841355","(212) 884-1355",,,"https://www.bairesgrill.com/","bairesgrill.com","Argentinian restaurant"," ","Yes","541","4.8"," ","open","Saturday, 12-11 PM; Sunday, 12-10:30 PM; Monday, 12-10:30 PM; Tuesday, 12-10:30 PM; Wednesday, 12-10:30 PM; Thursday, 12-10:30 PM; Friday, 12-11 PM; ","12-11 PM","12-10:30 PM","12-10:30 PM","12-10:30 PM","12-10:30 PM","12-10:30 PM","12-11 PM","Lat 40.7628256","Lng -73.9879129","40.7628256,-73.9879129","87G8Q276+4RP","ChIJd4bXK-xZwokRsYyD4y7IMMA","https://www.opentable.com/restaurant/profile/1282117?ref=1068","https://www.google.com/maps/place/?q=place_id:ChIJd4bXK-xZwokRsYyD4y7IMMA","13848788957875375281","https://www.google.com/search?kgmid=/g/11v0jj7tgt","/g/11v0jj7tgt","https://www.google.com/maps/reserve/v/dine/c/2VtfghGIAQc?source=pa&opi=79508299&hl=en-BD&gei=wLRyaOjuO46K4-EP9ebM4QE","https://lh5.googleusercontent.com/p/AF1QipOycTQWtP7dLTDaHYPUIFvdEoUQ9sOiOwXfVgUG","https://t1.gstatic.com/faviconV2?client=SOCIAL&type=FAVICON&fallback_opts=TYPE,SIZE,URL&url=https://www.bairesgrill.com/&size=48","https://search.google.com/local/reviews?placeid=ChIJd4bXK-xZwokRsYyD4y7IMMA&q=restaurant+in+newyork&authuser=0&hl=en&gl=BD"," "," "," ","https://www.instagram.com/bairesgrill/","Discover the flavors of Argentina at Baires Grill. Enjoy premium steaks, empanadas, and wines in an elegant atmosphere. Reserve your table today!",,"0ahUKEwjozta0hLiOAxUOxTgGHXUzMxwQ8BcI9gUoEw","Wheelchair-accessible entrance | Wheelchair-accessible seating","Bar on site | Toilet","Delivery | Takeaway | Dine-in","Credit cards","Alcohol | Beer | Cocktails | Coffee | Comfort food | Happy-hour drinks | Small plates | Spirits | Wine","Groups | Tourists","Accepts reservations",,,
"29","restaurant in newyork","Junior's Restaurant and Bakery","1626 Broadway at  W 49th St  New York  NY 10019  United States","1626 Broadway at","New York","10019","W 49th St","NY","US","America/New_York","$20–30","Cheesecakes are the star at this old New York-themed locale with deli and diner fare, BBQ, and a full bar.","Famous desserts and deli from Brooklyn","+12123655900","(212) 365-5900","+18009586467 | +18004586467",,"http://www.juniorscheesecake.com/","juniorscheesecake.com","American restaurant","Bakery","Yes","11759","4.4","Famous desserts and deli from Brooklyn","open","Saturday, 7 AM-1 AM; Sunday, 7 AM-12 AM; Monday, 7 AM-11 PM; Tuesday, 7 AM-12 AM; Wednesday, 7 AM-12 AM; Thursday, 7 AM-12 AM; Friday, 7 AM-1 AM; ","7 AM-1 AM","7 AM-12 AM","7 AM-11 PM","7 AM-12 AM","7 AM-12 AM","7 AM-12 AM","7 AM-1 AM","Lat 40.760892299999995","Lng -73.9841591","40.760892299999995,-73.9841591","87G8Q268+984","ChIJZ3o4EVZYwokRf3evFti1FLs"," ","https://www.google.com/maps/place/?q=place_id:ChIJZ3o4EVZYwokRf3evFti1FLs","13480599524324898687","https://www.google.com/search?kgmid=/g/11dzsyqjw4","/g/11dzsyqjw4","https://www.google.com/maps/reserve/v/waitlist?c=Pau8s2NxL8E&source=pa&opi=79508299&hl=en-BD&gei=wLRyaOjuO46K4-EP9ebM4QE","https://lh5.googleusercontent.com/p/AF1QipOe8wWJi244iXuVTnAlQbULskbCc1jQ1nwXQCMQ","https://t1.gstatic.com/faviconV2?client=SOCIAL&type=FAVICON&fallback_opts=TYPE,SIZE,URL&url=http://www.juniorscheesecake.com/&size=48","https://search.google.com/local/reviews?placeid=ChIJZ3o4EVZYwokRf3evFti1FLs&q=restaurant+in+newyork&authuser=0&hl=en&gl=BD","http://www.facebook.com/pages/Juniors-Restaurant/157798597584671"," ","https://twitter.com/JuniorsCheeseck","https://www.instagram.com/juniorscheesecake/","New York Cheesecake served in our Brooklyn & NYC Locations. Ship our Cheesecake anywhere in America!",,"0ahUKEwjozta0hLiOAxUOxTgGHXUzMxwQ8BcIxQYoFA","Wheelchair-accessible entrance | Wheelchair-accessible seating | Wheelchair-accessible toilet","Bar on site | Toilet","Delivery | On-site services | Takeaway | Dine-in","Credit cards | Debit cards | NFC mobile payments | Credit cards","Alcohol | Beer | Braille menu | Cocktails | Coffee | Comfort food | Food | Late-night food | Quick bite | Small plates | Spirits | Vegan options | Wine","Family friendly | Groups | Tourists | University students","Usually a wait",,,
"30","restaurant in newyork","COTE Korean Steakhouse","16 W 22nd St  New York  NY 10010  United States","16 W 22nd St","New York","10010","United States","New York","US","America/New_York","$100+","Upscale Korean steakhouse featuring tables with smokeless grills, plus an extensive wine list.","Sleek Korean steak specialist","+12124017886","(212) 401-7886","+12124017886 | +13054344668 | +12124017986","reservation@cotenyc.com | event@cotenyc.com | press@cotenyc.com | partnerships@gracioushm.com | reservation@cotemiami.com | event@cotemiami.com | press@cotemiami.com","https://www.cotekoreansteakhouse.com/","cotekoreansteakhouse.com","Steak house","Bar","Yes","3706","4.6","Sleek Korean steak specialist","open","Saturday, 5 PM-12 AM; Sunday, 5-11 PM; Monday, 5-11 PM; Tuesday, 5-11 PM; Wednesday, 5-11 PM; Thursday, 5 PM-12 AM; Friday, 5 PM-12 AM; ","5 PM-12 AM","5-11 PM","5-11 PM","5-11 PM","5-11 PM","5 PM-12 AM","5 PM-12 AM","Lat 40.7413041","Lng -73.99125269999999","40.7413041,-73.99125269999999","87G8P2R5+GFH","ChIJQ1R3hKNZwokRQM4wbIrc00o","https://resy.com/cities/new-york-ny/venues/cote-nyc?rwg_token=ACgRB3edw4uaJEiScH80KcTe9WmCrM-PcZPidM-eFsf5wDdiYXqClKhdvg4v2eUlf0eyIbbTfyj9uLUjTmXZCrTipvn1umxjlNzDTRFWwP5605rOyBgEGMU%3D","https://www.google.com/maps/place/?q=place_id:ChIJQ1R3hKNZwokRQM4wbIrc00o","5391895665971351104","https://www.google.com/search?kgmid=/g/11c7t448dr","/g/11c7t448dr","https://www.google.com/maps/reserve/v/dine/c/xeBIaeHRCMY?source=pa&opi=79508299&hl=en-BD&gei=wLRyaOjuO46K4-EP9ebM4QE","https://lh5.googleusercontent.com/p/AF1QipOt2ULGKPNDvWxsGeIqSvbLL4U6-1k1ZRk6PMEj","https://t1.gstatic.com/faviconV2?client=SOCIAL&type=FAVICON&fallback_opts=TYPE,SIZE,URL&url=https://www.cotekoreansteakhouse.com/&size=48","https://search.google.com/local/reviews?placeid=ChIJQ1R3hKNZwokRQM4wbIrc00o&q=restaurant+in+newyork&authuser=0&hl=en&gl=BD","https://www.facebook.com/cotekoreansteakhouse"," "," ","https://www.instagram.com/cotekoreansteakhouse/","COTE is America’s first and only Michelin-starred Korean Steakhouse. COTE blends the conviviality of Korean barbeque together with the hallmarks of a classic American steakhouse. The result is a unique and interactive atmosphere, accompanied by the highest quality USDA Prime beef, an impeccable award-winning 1200+ label wine list, and a suite of classic-but-creative cocktails.",,"0ahUKEwjozta0hLiOAxUOxTgGHXUzMxwQ8BcIqQcoFQ","Wheelchair-accessible entrance | Wheelchair-accessible seating | Wheelchair-accessible toilet | Wheelchair-accessible car park","Bar on site | Toilet | Wi-Fi | Wi-Fi","Outdoor seating | Delivery | Takeaway | Dine-in","Credit cards | Debit cards | NFC mobile payments | Credit cards","Alcohol | Beer | Cocktails | Comfort food | Late-night food | Private dining room | Small plates | Spirits | Wine","Groups | LGBTQ+ friendly | Tourists | Transgender safe space","Reservations required | Dinner reservations recommended | Accepts reservations | Usually a wait",,,"https://www.youtube.com/watch?v=3RDGsU8FT-I"
"31","restaurant in newyork","53","53 W 53rd St  New York  NY 10019  United States","53 W 53rd St","New York","10019","United States","New York","US","America/New_York","$100+"," "," ","+16465353994","(646) 535-3994","+16465353994","info@53-nyc.com | 53@foxglovecommunications.com | jobs@53-nyc.com","https://53-nyc.com/?utm_source=GoogleBusinessProfile&utm_medium=organic&utm_campaign=MapLabs","53-nyc.com","Restaurant","Asian fusion restaurant","Yes","591","4.3"," ","open","Saturday, 5-11 PM; Sunday, 12-3 PM | 5-10:30 PM; Monday, 12-2:30 PM | 5-10:30 PM; Tuesday, 12-2:30 PM | 5-10:30 PM; Wednesday, 12-2:30 PM | 5-11 PM; Thursday, 12-2:30 PM | 5-11 PM; Friday, 12-2:30 PM | 5-11 PM; ","5-11 PM","12-3 PM | 5-10:30 PM","12-2:30 PM | 5-10:30 PM","12-2:30 PM | 5-10:30 PM","12-2:30 PM | 5-11 PM","12-2:30 PM | 5-11 PM","12-2:30 PM | 5-11 PM","Lat 40.7617694","Lng -73.9780863","40.7617694,-73.9780863","87G8Q26C+PQ3","ChIJQ2rWiydZwokRKb1IcXrXZ-E","https://www.sevenrooms.com/explore/53/reservations/create/search/?tracking=goog","https://www.google.com/maps/place/?q=place_id:ChIJQ2rWiydZwokRKb1IcXrXZ-E","16242187502021557545","https://www.google.com/search?kgmid=/g/11q3t2bgkv","/g/11q3t2bgkv","https://www.google.com/maps/reserve/v/dine/c/PWJXRC78f2g?source=pa&opi=79508299&hl=en-BD&gei=wLRyaOjuO46K4-EP9ebM4QE","https://lh5.googleusercontent.com/p/AF1QipOXTx5PPMOjHDuOWdt_nrObts75iuMW9xIb2ddY","https://t1.gstatic.com/faviconV2?client=SOCIAL&type=FAVICON&fallback_opts=TYPE,SIZE,URL&url=https://53-nyc.com/?utm_source=GoogleBusinessProfile&utm_medium=organic&utm_campaign=MapLabs&size=48","https://search.google.com/local/reviews?placeid=ChIJQ2rWiydZwokRKb1IcXrXZ-E&q=restaurant+in+newyork&authuser=0&hl=en&gl=BD","https://www.facebook.com/53nyc"," "," ","https://www.instagram.com/53nyc/","Discover 53 NYC, a contemporary Asian restaurant in Midtown Manhattan beneath MoMA. Savor bold flavors in an art-infused setting—lunch, dinner & private events.",,"0ahUKEwjozta0hLiOAxUOxTgGHXUzMxwQ8BcIjAgoFg","Wheelchair-accessible entrance | Wheelchair-accessible seating | Wheelchair-accessible toilet | Wheelchair-accessible car park","Bar on site | Gender-neutral toilets | Toilet","Delivery | On-site services | Takeaway | Dine-in","Credit cards | Debit cards | Credit cards","Alcohol | Beer | Cocktails | Coffee | Small plates | Spirits | Vegetarian options | Wine","Family friendly | Groups | LGBTQ+ friendly | Tourists","Reservations required | Dinner reservations recommended | Accepts reservations | Usually a wait",,,
"32","restaurant in newyork","In Common NYC - A Breakfast & Brunch Restaurant","441 9th Ave Suite 101  New York  NY 10001  United States","441 9th Ave Suite 101","New York","10001","United States","New York","US","America/New_York","$20–30"," "," ","+16463703099","(646) 370-3099",,,"https://www.incommonnyc.com/","incommonnyc.com","Cafe","Breakfast restaurant","Yes","1694","4.6","Brunch","open","Saturday, 8:30 AM-3 PM; Sunday, 8:30 AM-3 PM; Monday, 7:30 AM-3 PM; Tuesday, 7:30 AM-3 PM; Wednesday, 7:30 AM-3 PM; Thursday, 7:30 AM-3 PM; Friday, 7:30 AM-3 PM; ","8:30 AM-3 PM","8:30 AM-3 PM","7:30 AM-3 PM","7:30 AM-3 PM","7:30 AM-3 PM","7:30 AM-3 PM","7:30 AM-3 PM","Lat 40.753834999999995","Lng -73.99624299999999","40.753834999999995,-73.99624299999999","87G8Q233+GGJ","ChIJcaZiKLVZwokRmPzP29O2DNU","https://order.toasttab.com/online/in-common-nyc-a-breakfast-brunch-restaurant-441-9th-avenue?diningOption=takeout&rwg_token=ACgRB3ds-o7GfPyzcMlMJIveKxTYH2XDtActgBqg1Jvq_pTWhqnuJPWoEHJ1HH1PHW8abkEAD7OrOCli-UUrsqxM37CkV9f3cEllSiwPIU9AFPAqDoVfI1E%3D","https://www.google.com/maps/place/?q=place_id:ChIJcaZiKLVZwokRmPzP29O2DNU","15351846250841373848","https://www.google.com/search?kgmid=/g/11j2w8817l","/g/11j2w8817l"," ","https://lh5.googleusercontent.com/p/CIHM0ogKEICAgIC2-_zBTA","https://t1.gstatic.com/faviconV2?client=SOCIAL&type=FAVICON&fallback_opts=TYPE,SIZE,URL&url=https://www.incommonnyc.com/&size=48","https://search.google.com/local/reviews?placeid=ChIJcaZiKLVZwokRmPzP29O2DNU&q=restaurant+in+newyork&authuser=0&hl=en&gl=BD"," "," "," ","https://www.instagram.com/incommonnyc/","Are you looking for a charming cafe restaurant that serves delicious food and drinks in the Hudson Yards, NY, area? Visit In Common NYC Cafe today.",,"0ahUKEwjozta0hLiOAxUOxTgGHXUzMxwQ8BcI7AgoFw","Wheelchair-accessible entrance | Wheelchair-accessible seating","Toilet","Outdoor seating | Delivery | Takeaway | Dine-in","Credit cards | Debit cards | NFC mobile payments | Credit cards","Coffee | Comfort food | Healthy options | Organic dishes | Prepared foods | Quick bite | Vegetarian options","Tourists",,,,
"33","restaurant in newyork","The Consulate UWS","519 Columbus Ave  New York  NY 10024  United States","519 Columbus Ave","New York","10024","United States","New York","US","America/New_York","$50–100","Homey restaurant offering international cuisine, all-day dining & a cocktail bar in a homey space.","Global fare & cocktails in a warm venue","+16467819288","(646) 781-9288",,"email@example.com","http://www.theconsulate.nyc/","theconsulate.nyc","French restaurant","Cocktail bar","Yes","1328","4.6","Global fare & cocktails in a warm venue","open","Saturday, 10 AM-10 PM; Sunday, 10 AM-10 PM; Monday, 10 AM-10 PM; Tuesday, 10 AM-10 PM; Wednesday, 10 AM-10 PM; Thursday, 10 AM-10 PM; Friday, 10 AM-10 PM; ","10 AM-10 PM","10 AM-10 PM","10 AM-10 PM","10 AM-10 PM","10 AM-10 PM","10 AM-10 PM","10 AM-10 PM","Lat 40.785832299999996","Lng -73.9724287","40.785832299999996,-73.9724287","87G8Q2PH+82P","ChIJ8bFWn8FZwokRoUsyyYc0TNg","https://www.theconsulate.nyc/private-events/","https://www.google.com/maps/place/?q=place_id:ChIJ8bFWn8FZwokRoUsyyYc0TNg","15585890168223189921","https://www.google.com/search?kgmid=/g/11h806y0_d","/g/11h806y0_d","https://www.google.com/maps/reserve/v/dine/c/Ba_9vXhq-gs?source=pa&opi=79508299&hl=en-BD&gei=wLRyaOjuO46K4-EP9ebM4QE","https://lh5.googleusercontent.com/p/CIHM0ogKEICAgIDeyN2DzAE","https://t1.gstatic.com/faviconV2?client=SOCIAL&type=FAVICON&fallback_opts=TYPE,SIZE,URL&url=http://www.theconsulate.nyc/&size=48","https://search.google.com/local/reviews?placeid=ChIJ8bFWn8FZwokRoUsyyYc0TNg&q=restaurant+in+newyork&authuser=0&hl=en&gl=BD"," "," "," ",,,,"0ahUKEwjozta0hLiOAxUOxTgGHXUzMxwQ8BcIuwkoGA","Wheelchair-accessible entrance | Wheelchair-accessible seating | Wheelchair-accessible toilet","Bar on site | Gender-neutral toilets | Toilet | Wi-Fi | Wi-Fi","Outdoor seating | No-contact delivery | Delivery | Takeaway | Dine-in","Credit cards | Debit cards | NFC mobile payments | Credit cards","Alcohol | Beer | Cocktails | Coffee | Happy-hour drinks | Happy-hour food | Late-night food | Small plates | Spirits | Wine","Family friendly | Groups | LGBTQ+ friendly | Tourists","Brunch reservations recommended | Dinner reservations recommended | Accepts reservations",,,
"34","restaurant in newyork","Buena Vista Restaurant & Bar","536 9th Ave  New York  NY 10018  United States","536 9th Ave","New York","10018","United States","New York","US","America/New_York","$50–100","Latin American plates pair with creative cocktails in this stylish bistro with exposed-brick walls.","Hip spot for creative Latin cuisine","+12123885040","(212) 388-5040","+12123885040","info@buenavistany.com","http://www.buenavistahellskitchen.com/?utm_source=google&utm_medium=organic&utm_campaign=gbp-listing","buenavistahellskitchen.com","Latin American restaurant","Grill","Yes","1058","4.7","Hip spot for creative Latin cuisine","open","Saturday, 12 PM-12 AM; Sunday, 12-11 PM; Monday, 3-11 PM; Tuesday, 3-11 PM; Wednesday, 3-11 PM; Thursday, 3-11 PM; Friday, 3 PM-12 AM; ","12 PM-12 AM","12-11 PM","3-11 PM","3-11 PM","3-11 PM","3-11 PM","3 PM-12 AM","Lat 40.7568372","Lng -73.9934938","40.7568372,-73.9934938","87G8Q244+PJJ","ChIJ__8ztFJYwokRm2x1-poe3ks","https://www.opentable.com/restaurant/profile/1023658?ref=1068","https://www.google.com/maps/place/?q=place_id:ChIJ__8ztFJYwokRm2x1-poe3ks","5466840648650157211","https://www.google.com/search?kgmid=/g/11fflztctz","/g/11fflztctz","https://www.google.com/maps/reserve/v/dine/c/ilLOLahbZK0?source=pa&opi=79508299&hl=en-BD&gei=wLRyaOjuO46K4-EP9ebM4QE","https://lh5.googleusercontent.com/p/CIHM0ogKEICAgICRv5mUngE","https://t1.gstatic.com/faviconV2?client=SOCIAL&type=FAVICON&fallback_opts=TYPE,SIZE,URL&url=http://www.buenavistahellskitchen.com/?utm_source=google&utm_medium=organic&utm_campaign=gbp-listing&size=48","https://search.google.com/local/reviews?placeid=ChIJ__8ztFJYwokRm2x1-poe3ks&q=restaurant+in+newyork&authuser=0&hl=en&gl=BD","https://www.facebook.com/Buenavistany"," "," ","https://www.instagram.com/buenavistany/","Experience authentic Latin American flavors in Hell’s Kitchen. Enjoy handcrafted cocktails, fresh seafood, and vibrant dishes. Reserve your table today!",,"0ahUKEwjozta0hLiOAxUOxTgGHXUzMxwQ8BcIlwooGQ","Wheelchair-accessible entrance | Wheelchair-accessible seating | Wheelchair-accessible toilet | Assistive hearing loop | Wheelchair-accessible car park","Bar on site | Gender-neutral toilets | Toilet | Wi-Fi | Wi-Fi","Outdoor seating | Delivery | Takeaway | Dine-in","Credit cards | Debit cards | NFC mobile payments | Credit cards","Alcohol | Beer | Cocktails | Coffee | Comfort food | Happy-hour drinks | Happy-hour food | Late-night food | Private dining room | Small plates | Spirits | Vegan options | Vegetarian options | Wine","Family friendly | Groups | LGBTQ+ friendly | Tourists | Transgender safe space","Brunch reservations recommended | Dinner reservations recommended | Accepts reservations",,"Identifies as Latino-owned",
"35","restaurant in newyork","Forgione","30 Hudson St  New York  NY 10013  United States","30 Hudson St","New York","10013","United States","New York","US","America/New_York","$100+","Bold farm-to-table cuisine in candlelit, rustic-chic environs attracts romance-minded foodies.","Earthy American fare with a modern gloss","+12129419401","(212) 941-9401","+12129419401",,"http://www.marcforgione.com/","marcforgione.com","American restaurant","Bar","Yes","704","4.6","Earthy American fare with a modern gloss","open","Saturday, 5-10 PM; Sunday, 5-9 PM; Monday, 5-10 PM; Tuesday, 5-10 PM; Wednesday, 5-10 PM; Thursday, 5-10 PM; Friday, 5-10 PM; ","5-10 PM","5-9 PM","5-10 PM","5-10 PM","5-10 PM","5-10 PM","5-10 PM","Lat 40.7166614","Lng -74.0089507","40.7166614,-74.0089507","87G7PX8R+MC7","ChIJhSLc_R5awokReYEI4dyODxA","https://resy.com/cities/new-york-ny/venues/marc-forgione?rwg_token=ACgRB3c7jH8QL5FL5mX9QBRLziPIZBsXi9tELyCF9bVoJFpArEMlVCPN1ZI9xh3WoaiJZS3_-vGN_atBsFGhCSg0C2droL3drg%3D%3D","https://www.google.com/maps/place/?q=place_id:ChIJhSLc_R5awokReYEI4dyODxA","1157300708576887161","https://www.google.com/search?kgmid=/g/1wf39jmx","/g/1wf39jmx","https://www.google.com/maps/reserve/v/dine/c/6GfXO4zUwBA?source=pa&opi=79508299&hl=en-BD&gei=wLRyaOjuO46K4-EP9ebM4QE","https://lh5.googleusercontent.com/p/AF1QipO3gabkvsioztF-5wa4Fb-CI8rgK-sy5tNGcaTG","https://t1.gstatic.com/faviconV2?client=SOCIAL&type=FAVICON&fallback_opts=TYPE,SIZE,URL&url=http://www.marcforgione.com/&size=48","https://search.google.com/local/reviews?placeid=ChIJhSLc_R5awokReYEI4dyODxA&q=restaurant+in+newyork&authuser=0&hl=en&gl=BD","https://www.facebook.com/Restaurant.Marc.Forgione/"," ","https://twitter.com/MarcForgione","https://www.instagram.com/restaurant_marc_forgione/","Chef Marc Forgione and Christopher Blumlo opened Restaurant Marc Forgione in June 2008, offering their signature style of contemporary food and drink served in a comfortable and energetic setting.",,"0ahUKEwjozta0hLiOAxUOxTgGHXUzMxwQ8BcI_QooGg","Wheelchair-accessible entrance | Wheelchair-accessible seating | Wheelchair-accessible toilet","Bar on site | Gender-neutral toilets | Toilet | Wi-Fi | Wi-Fi","Outdoor seating | Delivery | Takeaway | Dine-in","Credit cards | Debit cards | NFC mobile payments | Credit cards","Alcohol | Beer | Cocktails | Coffee | Comfort food | Food | Small plates | Spirits | Vegetarian options | Wine","Family friendly | Groups | LGBTQ+ friendly | Tourists","Brunch reservations recommended | Reservations required | Dinner reservations recommended | Accepts reservations | Usually a wait",,,
"36","restaurant in newyork","The Smith","55 3rd Ave  New York  NY 10003  United States","55 3rd Ave","New York","10003","United States","New York","US","America/New_York","$$","Trendy types gather for American eats & specialty drinks at this upbeat hangout & brunch favorite.","Trendy American bistro","+12124209800","(212) 420-9800",,,"https://thesmithrestaurant.com/location/east-village/","thesmithrestaurant.com","American restaurant","Brasserie","Yes","2750","4.4","Trendy American bistro","open","Saturday, 9:30 AM-12 AM; Sunday, 9:30 AM-11 PM; Monday, 11:30 AM-11 PM; Tuesday, 11:30 AM-11 PM; Wednesday, 11:30 AM-11 PM; Thursday, 11:30 AM-11 PM; Friday, 11:30 AM-12 AM; ","9:30 AM-12 AM","9:30 AM-11 PM","11:30 AM-11 PM","11:30 AM-11 PM","11:30 AM-11 PM","11:30 AM-11 PM","11:30 AM-12 AM","Lat 40.731010399999995","Lng -73.98858129999999","40.731010399999995,-73.98858129999999","87G8P2J6+CH3","ChIJcXq9AZxZwokRZ56WZuGnZkg","https://thesmithrestaurant.com/location/east-village/","https://www.google.com/maps/place/?q=place_id:ChIJcXq9AZxZwokRZ56WZuGnZkg","5217041804885925479","https://www.google.com/search?kgmid=/g/1tjypmxf","/g/1tjypmxf","https://www.google.com/maps/reserve/v/dine/c/3HJeAA0oUcA?source=pa&opi=79508299&hl=en-BD&gei=wLRyaOjuO46K4-EP9ebM4QE","https://lh5.googleusercontent.com/p/CIHM0ogKEICAgIDEienCzAE","https://t1.gstatic.com/faviconV2?client=SOCIAL&type=FAVICON&fallback_opts=TYPE,SIZE,URL&url=https://thesmithrestaurant.com/location/east-village/&size=48","https://search.google.com/local/reviews?placeid=ChIJcXq9AZxZwokRZ56WZuGnZkg&q=restaurant+in+newyork&authuser=0&hl=en&gl=BD","https://www.facebook.com/TheSmithRestaurant"," ","https://twitter.com/thesmith07","https://instagram.com/thesmithrestaurant","The Smith is a casual American Brasserie with four upbeat locations in New York City and one in Washington D.C., and one in Chicago!",,"0ahUKEwjozta0hLiOAxUOxTgGHXUzMxwQ8BcI2QsoGw","Wheelchair-accessible entrance | Wheelchair-accessible seating | Wheelchair-accessible toilet | Wheelchair-accessible car park","Bar on site | Toilet","Outdoor seating | Delivery | Takeaway | Dine-in","Credit cards | Debit cards | NFC mobile payments | Credit cards","Alcohol | Beer | Cocktails | Coffee | Comfort food | Food | Happy-hour drinks | Happy-hour food | Late-night food | Small plates | Spirits | Vegetarian options | Wine","Groups | Tourists | University students","Brunch reservations recommended | Lunch reservations recommended | Dinner reservations recommended | Accepts reservations | Usually a wait",,,
"37","restaurant in newyork","estiatorio Milos Midtown","125 W 55th St  New York  NY 10019  United States","125 W 55th St","New York","10019","United States","New York","US","America/New_York","$100+","Stylish Greek restaurant serving fresh seafood in a Mediterranean-style whitewashed setting.","Upscale Greek dining with fish focus","+12122457400","(212) 245-7400",,,"http://www.estiatoriomilos.com/","estiatoriomilos.com","Greek restaurant","Bar","Yes","2214","4.5","Upscale Greek dining with fish focus","open","Saturday, 12-3:30 PM | 4:30-11 PM; Sunday, 12-3:30 PM | 4:30-11 PM; Monday, 11:30 AM-3 PM | 4:30 PM-12 AM; Tuesday, 11:30 AM-3 PM | 4:30 PM-12 AM; Wednesday, 11:30 AM-3 PM | 4:30 PM-12 AM; Thursday, 11:30 AM-3 PM | 4:30 PM-12 AM; Friday, 11:30 AM-3 PM | 4:30 PM-12 AM; ","12-3:30 PM | 4:30-11 PM","12-3:30 PM | 4:30-11 PM","11:30 AM-3 PM | 4:30 PM-12 AM","11:30 AM-3 PM | 4:30 PM-12 AM","11:30 AM-3 PM | 4:30 PM-12 AM","11:30 AM-3 PM | 4:30 PM-12 AM","11:30 AM-3 PM | 4:30 PM-12 AM","Lat 40.7635461","Lng -73.9790278","40.7635461,-73.9790278","87G8Q27C+C99","ChIJbRaexvlYwokRYc5RgUjlsIY","https://www.estiatoriomilos.com/BookTable/NYMidtown","https://www.google.com/maps/place/?q=place_id:ChIJbRaexvlYwokRYc5RgUjlsIY","9705509296553447009","https://www.google.com/search?kgmid=/g/1tl8lml9","/g/1tl8lml9","https://www.google.com/maps/reserve/v/dine/c/pbz6opYnRZQ?source=pa&opi=79508299&hl=en-BD&gei=wLRyaOjuO46K4-EP9ebM4QE","https://lh5.googleusercontent.com/p/CIHM0ogKEICAgIC67uetFg","https://t1.gstatic.com/faviconV2?client=SOCIAL&type=FAVICON&fallback_opts=TYPE,SIZE,URL&url=http://www.estiatoriomilos.com/&size=48","https://search.google.com/local/reviews?placeid=ChIJbRaexvlYwokRYc5RgUjlsIY&q=restaurant+in+newyork&authuser=0&hl=en&gl=BD","https://www.facebook.com/estiatoriomilosofficial"," "," ","https://www.instagram.com/estiatoriomilos/","Experience the delicious simplicity of Greek Cuisine.",,"0ahUKEwjozta0hLiOAxUOxTgGHXUzMxwQ8BcIvwwoHA","Wheelchair-accessible entrance | Wheelchair-accessible seating | Wheelchair-accessible toilet | Wheelchair-accessible car park","Bar on site | Toilet","Outdoor seating | Delivery | Takeaway | Dine-in","Credit cards | Debit cards | NFC mobile payments | Credit cards","Alcohol | Beer | Cocktails | Coffee | Comfort food | Healthy options | Late-night food | Organic dishes | Small plates | Spirits | Vegetarian options | Wine","Family friendly | Groups | Tourists","Brunch reservations recommended | Lunch reservations recommended | Reservations required | Dinner reservations recommended | Accepts reservations | Usually a wait",,,"https://www.youtube.com/channel/UCvlUdq20AUNEkg8aDgEWrpg"
"38","restaurant in newyork","Hard Rock Cafe","1501 Broadway  New York  NY 10036  United States","1501 Broadway","New York","10036","United States","New York","US","America/New_York","$$","Rock ’n’ roll-themed chain with a high-energy vibe serving burgers & American classics.","Music-themed chain with an American menu","+12123433355","(212) 343-3355",,"new_york_social@hardrock.com | newyork.rocks@hardrock.com","https://cafe.hardrock.com/new-york/#utm_source=Google&utm_medium=Yext&utm_campaign=Listings","cafe.hardrock.com","Restaurant","American restaurant","Yes","23737","4.4","Music-themed chain with an American menu","open","Saturday, 10 AM-12 AM; Sunday, 10 AM-11 PM; Monday, 10 AM-11 PM; Tuesday, 10 AM-11 PM; Wednesday, 10 AM-11 PM; Thursday, 10 AM-11 PM; Friday, 10 AM-12 AM; ","10 AM-12 AM","10 AM-11 PM","10 AM-11 PM","10 AM-11 PM","10 AM-11 PM","10 AM-11 PM","10 AM-12 AM","Lat 40.7570352","Lng -73.9866112","40.7570352,-73.9866112","87G8Q247+R96","ChIJh3tl5lRYwokRtY1QuaZADu0","http://www.hardrock.com/cafes/new-york/","https://www.google.com/maps/place/?q=place_id:ChIJh3tl5lRYwokRtY1QuaZADu0","17081661521480682933","https://www.google.com/search?kgmid=/g/1tfwfdrn","/g/1tfwfdrn","https://www.google.com/maps/reserve/v/dine/c/q5DBT99W8oo?source=pa&opi=79508299&hl=en-BD&gei=wLRyaOjuO46K4-EP9ebM4QE","https://lh5.googleusercontent.com/p/CIHM0ogKEICAgICOl5jdFQ","https://t1.gstatic.com/faviconV2?client=SOCIAL&type=FAVICON&fallback_opts=TYPE,SIZE,URL&url=https://cafe.hardrock.com/new-york/#utm_source=Google&utm_medium=Yext&utm_campaign=Listings&size=48","https://search.google.com/local/reviews?placeid=ChIJh3tl5lRYwokRtY1QuaZADu0&q=restaurant+in+newyork&authuser=0&hl=en&gl=BD","https://www.facebook.com/hardrockcafenewyork"," ","http://twitter.com/hardrock","https://www.instagram.com/hardrocknewyork","Located in the center of the city at the heart of Times Square, Hard Rock Cafe New York will rock your senses with tantalizing food and drinks and an awe-inspiring collection of music memorabilia.","hard rock Cafe New York,dining in New York,restaurants in New York,cafes in New York,hard rock shopping in New York,rock shop New York","0ahUKEwjozta0hLiOAxUOxTgGHXUzMxwQ8BcInQ0oHQ","Wheelchair-accessible entrance | Wheelchair-accessible seating | Wheelchair-accessible toilet | Wheelchair-accessible car park","Bar on site | Toilet | Wi-Fi | Wi-Fi","Delivery | On-site services | Takeaway | Dine-in","Credit cards | Debit cards | Credit cards","Alcohol | Beer | Cocktails | Coffee | Comfort food | Late-night food | Private dining room | Quick bite | Spirits | Wine","Family friendly | Groups | LGBTQ+ friendly | Tourists | Transgender safe space | University students","Brunch reservations recommended | Lunch reservations recommended | Dinner reservations recommended | Accepts reservations | Usually a wait",,,"http://youtube.com/hardrock"
"39","restaurant in newyork","Minetta Tavern","113 MacDougal St  New York  NY 10012  United States","113 MacDougal St","New York","10012","United States","New York","US","America/New_York","$50–100","Celeb-magnet hot-ticket tavern with upper-end French bistro fare & reimagined vintage decor.","Reinvented old-school tavern","+12124753850","(212) 475-3850","+12124753850",,"http://www.minettatavernny.com/","minettatavernny.com","French restaurant","Bar","Yes","2492","4.5","Reinvented old-school tavern","open","Saturday, 11 AM-3:30 PM | 5 PM-12 AM; Sunday, 11 AM-3:30 PM | 5 PM-12 AM; Monday, 5 PM-12 AM; Tuesday, 5 PM-12 AM; Wednesday, 12-3:30 PM | 5 PM-12 AM; Thursday, 12-3:30 PM | 5 PM-12 AM; Friday, 12-3:30 PM | 5 PM-12 AM; ","11 AM-3:30 PM | 5 PM-12 AM","11 AM-3:30 PM | 5 PM-12 AM","5 PM-12 AM","5 PM-12 AM","12-3:30 PM | 5 PM-12 AM","12-3:30 PM | 5 PM-12 AM","12-3:30 PM | 5 PM-12 AM","Lat 40.7299881","Lng -74.0007016","40.7299881,-74.0007016","87G7PXHX+XPV","ChIJeQcZlpFZwokRjoemq-_w9QA","https://resy.com/cities/new-york-ny/venues/minetta-tavern?rwg_token=ACgRB3d1y2jgX5hyQDGi2RBmQhb4NZNTQV1OR7dni8mdDK5IgqSiGHoK9QgJf_sB0YyOc2H7zdRER_N2MFuQ1yPb84V0GN-IAw%3D%3D","https://www.google.com/maps/place/?q=place_id:ChIJeQcZlpFZwokRjoemq-_w9QA","69226281461778318","https://www.google.com/search?kgmid=/m/020f5k4","/m/020f5k4","https://www.google.com/maps/reserve/v/dine/c/bclF9IM3VlI?source=pa&opi=79508299&hl=en-BD&gei=wLRyaOjuO46K4-EP9ebM4QE","https://lh5.googleusercontent.com/p/CIHM0ogKEICAgID4s_ncVg","https://t1.gstatic.com/faviconV2?client=SOCIAL&type=FAVICON&fallback_opts=TYPE,SIZE,URL&url=http://www.minettatavernny.com/&size=48","https://search.google.com/local/reviews?placeid=ChIJeQcZlpFZwokRjoemq-_w9QA&q=restaurant+in+newyork&authuser=0&hl=en&gl=BD"," "," "," ","https://www.instagram.com/minettatavernny/",,,"0ahUKEwjozta0hLiOAxUOxTgGHXUzMxwQ8BcI-w0oHg","Wheelchair-accessible seating","Bar on site | Toilet","Delivery | Takeaway | Dine-in","Debit cards | NFC mobile payments | Credit cards","Beer | Cocktails | Late-night food | Spirits | Wine","Groups | Locals | Tourists","Lunch reservations recommended | Reservations required | Dinner reservations recommended | Usually a wait",,,
"40","restaurant in newyork","Zia Maria Little Italy","138 Mulberry St  New York  NY 10013  United States","138 Mulberry St","New York","10013","United States","New York","US","America/New_York","$30–50","Comfortable option featuring housemade pasta, pizza, and other Italian classics.","Low-key destination serving Italian fare","+16465907873","(646) 590-7873",,"ziamarianyc@gmail.com","http://www.ziamarialittleitaly.com/","ziamarialittleitaly.com","Italian restaurant","Cocktail bar","Yes","5374","4.6","Low-key destination serving Italian fare","open","Saturday, 11 AM-11 PM; Sunday, 11 AM-10 PM; Monday, 11 AM-10 PM; Tuesday, 11 AM-10 PM; Wednesday, 11 AM-10 PM; Thursday, 11 AM-10 PM; Friday, 11 AM-11 PM; ","11 AM-11 PM","11 AM-10 PM","11 AM-10 PM","11 AM-10 PM","11 AM-10 PM","11 AM-10 PM","11 AM-11 PM","Lat 40.718514299999995","Lng -73.9974486","40.718514299999995,-73.9974486","87G8P293+C23","ChIJm7QTo_lZwokRRnjGuJABJPQ","https://www.opentable.com/restaurant/profile/1026814?ref=1068","https://www.google.com/maps/place/?q=place_id:ChIJm7QTo_lZwokRRnjGuJABJPQ","17592187765502933062","https://www.google.com/search?kgmid=/g/11grc8gtn5","/g/11grc8gtn5","https://www.google.com/maps/reserve/v/dine/c/B9a-rFOXqEg?source=pa&opi=79508299&hl=en-BD&gei=wLRyaOjuO46K4-EP9ebM4QE","https://lh5.googleusercontent.com/p/CIHM0ogKEICAgIDRpdz-mAE","https://t1.gstatic.com/faviconV2?client=SOCIAL&type=FAVICON&fallback_opts=TYPE,SIZE,URL&url=http://www.ziamarialittleitaly.com/&size=48","https://search.google.com/local/reviews?placeid=ChIJm7QTo_lZwokRRnjGuJABJPQ&q=restaurant+in+newyork&authuser=0&hl=en&gl=BD","https://www.facebook.com/ziamarialittleitaly/"," "," ","https://www.instagram.com/ziamarialittleitaly","Zia Maria is a family-owned Italian restaurant and pizzeria offering authentic, homemade fresh pasta and authentic food, bringing the fresh flavors of Italy to New York. We offer a fully stocked top-shelf bar.",,"0ahUKEwjozta0hLiOAxUOxTgGHXUzMxwQ8BcI1w4oHw","Wheelchair-accessible entrance | Wheelchair-accessible seating | Wheelchair-accessible toilet | Wheelchair-accessible car park","Bar on site | Toilet | Wi-Fi | Wi-Fi","Outdoor seating | No-contact delivery | Delivery | On-site services | Takeaway | Dine-in","Credit cards | Debit cards | NFC mobile payments | Credit cards","Alcohol | Beer | Cocktails | Coffee | Comfort food | Food | Happy-hour drinks | Happy-hour food | Late-night food | Organic dishes | Quick bite | Salad bar | Small plates | Spirits | Vegan options | Vegetarian options | Wine","Family friendly | Groups | LGBTQ+ friendly | Tourists | Transgender safe space","Dinner reservations recommended | Accepts reservations",,"Identifies as women-owned",